"id_user","id_region","total_amount","avg_region_amount"
87323,1,"125.00","104.3792564280750521"
77828,2,"160.00","85.5144537815126050"
72987,2,"200.00","85.5144537815126050"
87253,3,"528.50","135.7497125335377539"
43540,3,"240.00","135.7497125335377539"
84590,3,"633.00","135.7497125335377539"
87501,3,"172.00","135.7497125335377539"
73645,2,"560.00","85.5144537815126050"
84635,5,"400.00","110.3389070146818923"
83581,1,"114.00","104.3792564280750521"
79880,1,"160.00","104.3792564280750521"
69658,3,"1913.50","135.7497125335377539"
87130,2,"91.50","85.5144537815126050"
87242,3,"518.50","135.7497125335377539"
83521,3,"242.00","135.7497125335377539"
15853,2,"159.00","85.5144537815126050"
85649,1,"320.00","104.3792564280750521"
86410,2,"1561.00","85.5144537815126050"
80593,3,"198.00","135.7497125335377539"
85689,5,"402.00","110.3389070146818923"
26223,2,"160.00","85.5144537815126050"
86542,2,"97.50","85.5144537815126050"
79932,2,"100.00","85.5144537815126050"
75898,1,"143.50","104.3792564280750521"
27388,2,"240.00","85.5144537815126050"
61241,1,"480.00","104.3792564280750521"
87540,3,"606.00","135.7497125335377539"
82622,5,"191.50","110.3389070146818923"
68020,2,"186.00","85.5144537815126050"
87628,3,"152.00","135.7497125335377539"
3067,1,"160.00","104.3792564280750521"
74496,1,"266.00","104.3792564280750521"
8902,2,"160.00","85.5144537815126050"
9880,1,"414.00","104.3792564280750521"
86854,3,"338.50","135.7497125335377539"
69461,2,"107.00","85.5144537815126050"
86616,3,"242.00","135.7497125335377539"
86620,3,"326.50","135.7497125335377539"
74408,1,"107.00","104.3792564280750521"
6824,2,"240.00","85.5144537815126050"
77290,2,"108.00","85.5144537815126050"
87592,1,"120.00","104.3792564280750521"
87568,3,"232.50","135.7497125335377539"
84776,3,"587.00","135.7497125335377539"
84462,3,"231.00","135.7497125335377539"
26042,2,"1018.50","85.5144537815126050"
87555,3,"718.50","135.7497125335377539"
87123,6,"59.00","58.2923076923076923"
86921,2,"162.00","85.5144537815126050"
87240,1,"248.00","104.3792564280750521"
66864,2,"400.00","85.5144537815126050"
82658,2,"129.00","85.5144537815126050"
86832,3,"159.00","135.7497125335377539"
87220,2,"335.00","85.5144537815126050"
37000,2,"160.00","85.5144537815126050"
84607,2,"267.00","85.5144537815126050"
41332,2,"400.00","85.5144537815126050"
74075,1,"370.50","104.3792564280750521"
86304,1,"216.50","104.3792564280750521"
86381,6,"160.00","58.2923076923076923"
27152,1,"325.00","104.3792564280750521"
82826,3,"159.00","135.7497125335377539"
26102,2,"221.00","85.5144537815126050"
73675,1,"262.50","104.3792564280750521"
83300,3,"200.00","135.7497125335377539"
86802,1,"214.00","104.3792564280750521"
87263,3,"1085.00","135.7497125335377539"
86762,2,"124.00","85.5144537815126050"
63787,2,"107.00","85.5144537815126050"
57176,2,"200.00","85.5144537815126050"
69154,1,"240.00","104.3792564280750521"
85910,5,"680.00","110.3389070146818923"
87462,2,"228.00","85.5144537815126050"
2443,1,"160.00","104.3792564280750521"
79491,3,"160.00","135.7497125335377539"
77678,5,"160.00","110.3389070146818923"
86851,3,"4440.00","135.7497125335377539"
87048,1,"214.50","104.3792564280750521"
86296,2,"267.00","85.5144537815126050"
87427,3,"2708.00","135.7497125335377539"
82389,2,"177.00","85.5144537815126050"
41098,3,"160.00","135.7497125335377539"
75363,3,"289.00","135.7497125335377539"
86003,2,"125.00","85.5144537815126050"
87481,6,"92.50","58.2923076923076923"
85812,1,"284.00","104.3792564280750521"
87228,2,"187.00","85.5144537815126050"
87518,2,"430.50","85.5144537815126050"
87294,3,"160.00","135.7497125335377539"
82923,3,"280.00","135.7497125335377539"
84928,3,"292.00","135.7497125335377539"
65549,3,"160.00","135.7497125335377539"
84015,5,"240.00","110.3389070146818923"
85983,2,"282.00","85.5144537815126050"
21530,3,"185.00","135.7497125335377539"
86920,3,"286.50","135.7497125335377539"
86938,3,"499.50","135.7497125335377539"
74186,2,"118.50","85.5144537815126050"
87356,1,"109.50","104.3792564280750521"
72938,3,"160.00","135.7497125335377539"
74697,2,"89.00","85.5144537815126050"
60163,2,"160.00","85.5144537815126050"
86896,2,"380.00","85.5144537815126050"
87492,3,"188.50","135.7497125335377539"
85755,2,"1279.50","85.5144537815126050"
6767,2,"200.00","85.5144537815126050"
83645,3,"364.00","135.7497125335377539"
86027,2,"187.00","85.5144537815126050"
84678,2,"187.00","85.5144537815126050"
86996,1,"149.00","104.3792564280750521"
78039,1,"240.00","104.3792564280750521"
87501,1,"108.00","104.3792564280750521"
65051,1,"320.00","104.3792564280750521"
71600,1,"111.50","104.3792564280750521"
42083,2,"160.00","85.5144537815126050"
87301,1,"1347.00","104.3792564280750521"
71946,3,"240.00","135.7497125335377539"
87365,2,"116.00","85.5144537815126050"
86467,1,"320.00","104.3792564280750521"
74150,2,"280.00","85.5144537815126050"
67548,2,"240.00","85.5144537815126050"
70269,2,"160.00","85.5144537815126050"
75822,1,"320.00","104.3792564280750521"
9156,1,"160.00","104.3792564280750521"
80110,1,"160.00","104.3792564280750521"
86364,2,"297.00","85.5144537815126050"
86916,5,"160.00","110.3389070146818923"
84035,3,"1452.50","135.7497125335377539"
62397,1,"108.00","104.3792564280750521"
85264,3,"400.00","135.7497125335377539"
87569,1,"150.50","104.3792564280750521"
69844,2,"240.00","85.5144537815126050"
86960,3,"21344.50","135.7497125335377539"
87604,5,"165.50","110.3389070146818923"
87521,1,"223.00","104.3792564280750521"
86395,2,"202.00","85.5144537815126050"
73866,2,"381.50","85.5144537815126050"
87319,3,"1135.50","135.7497125335377539"
4817,1,"200.00","104.3792564280750521"
17475,2,"240.00","85.5144537815126050"
82666,1,"294.00","104.3792564280750521"
87366,3,"275.00","135.7497125335377539"
19352,3,"320.00","135.7497125335377539"
61839,2,"160.00","85.5144537815126050"
87546,3,"349.50","135.7497125335377539"
87565,2,"122.50","85.5144537815126050"
81859,2,"89.00","85.5144537815126050"
82016,2,"999.50","85.5144537815126050"
84889,1,"320.00","104.3792564280750521"
72904,2,"185.00","85.5144537815126050"
69394,2,"160.00","85.5144537815126050"
82626,5,"1350.00","110.3389070146818923"
87363,5,"168.50","110.3389070146818923"
86918,1,"576.00","104.3792564280750521"
84338,1,"194.50","104.3792564280750521"
83135,5,"320.00","110.3389070146818923"
87500,2,"106.00","85.5144537815126050"
68382,2,"89.00","85.5144537815126050"
82599,3,"1880.50","135.7497125335377539"
76689,1,"240.00","104.3792564280750521"
87487,3,"1466.00","135.7497125335377539"
22358,2,"240.00","85.5144537815126050"
85381,2,"102.50","85.5144537815126050"
11179,2,"160.00","85.5144537815126050"
65551,3,"210.00","135.7497125335377539"
81264,5,"667.00","110.3389070146818923"
84952,2,"240.00","85.5144537815126050"
83945,2,"134.00","85.5144537815126050"
87478,2,"202.50","85.5144537815126050"
74985,3,"401.00","135.7497125335377539"
20795,2,"400.00","85.5144537815126050"
81749,5,"200.00","110.3389070146818923"
80612,2,"160.00","85.5144537815126050"
71087,2,"545.00","85.5144537815126050"
72657,1,"307.00","104.3792564280750521"
87484,2,"250.50","85.5144537815126050"
59675,2,"110.50","85.5144537815126050"
85397,1,"160.00","104.3792564280750521"
17667,1,"172.50","104.3792564280750521"
86025,2,"236.50","85.5144537815126050"
72650,3,"160.00","135.7497125335377539"
59316,1,"1896.50","104.3792564280750521"
63784,1,"161.00","104.3792564280750521"
87529,3,"754.50","135.7497125335377539"
84482,1,"116.50","104.3792564280750521"
71789,1,"160.00","104.3792564280750521"
36238,2,"116.50","85.5144537815126050"
77184,1,"160.00","104.3792564280750521"
86376,2,"177.00","85.5144537815126050"
86117,3,"4845.00","135.7497125335377539"
87083,3,"242.00","135.7497125335377539"
87201,2,"240.00","85.5144537815126050"
78315,3,"280.00","135.7497125335377539"
87501,2,"230.00","85.5144537815126050"
67109,1,"400.00","104.3792564280750521"
87596,3,"183.50","135.7497125335377539"
22108,2,"160.00","85.5144537815126050"
31122,2,"172.50","85.5144537815126050"
67024,2,"108.00","85.5144537815126050"
87473,5,"1346.00","110.3389070146818923"
87423,2,"90.50","85.5144537815126050"
67349,2,"200.00","85.5144537815126050"
77973,3,"480.00","135.7497125335377539"
82703,1,"512.50","104.3792564280750521"
87528,3,"487.00","135.7497125335377539"
71202,3,"160.00","135.7497125335377539"
85046,3,"226.50","135.7497125335377539"
76030,1,"139.50","104.3792564280750521"
18605,3,"292.50","135.7497125335377539"
84700,3,"231.00","135.7497125335377539"
74086,1,"280.00","104.3792564280750521"
87299,5,"116.50","110.3389070146818923"
76814,1,"160.00","104.3792564280750521"
81851,5,"167.00","110.3389070146818923"
71018,2,"200.00","85.5144537815126050"
85500,1,"152.50","104.3792564280750521"
84846,2,"160.00","85.5144537815126050"
82919,3,"156.00","135.7497125335377539"
86353,5,"177.00","110.3389070146818923"
78626,3,"160.00","135.7497125335377539"
87499,1,"109.00","104.3792564280750521"
59017,1,"200.00","104.3792564280750521"
74759,1,"200.00","104.3792564280750521"
85672,2,"112.50","85.5144537815126050"
73901,1,"160.00","104.3792564280750521"
82331,3,"167.00","135.7497125335377539"
87497,5,"678.50","110.3389070146818923"
73207,2,"160.00","85.5144537815126050"
73908,1,"984.50","104.3792564280750521"
71318,3,"318.50","135.7497125335377539"
87515,2,"446.50","85.5144537815126050"
72324,2,"240.00","85.5144537815126050"
86042,2,"89.00","85.5144537815126050"
79585,5,"292.50","110.3389070146818923"
83969,2,"99.50","85.5144537815126050"
87463,3,"141.50","135.7497125335377539"
22262,2,"214.00","85.5144537815126050"
87314,3,"659.00","135.7497125335377539"
85209,5,"320.00","110.3389070146818923"
87142,2,"119.50","85.5144537815126050"
79251,5,"160.00","110.3389070146818923"
83512,5,"277.00","110.3389070146818923"
71345,3,"395.50","135.7497125335377539"
84503,2,"190.00","85.5144537815126050"
80887,3,"160.00","135.7497125335377539"
85676,5,"1106.00","110.3389070146818923"
74736,5,"248.00","110.3389070146818923"
87420,2,"92.50","85.5144537815126050"
67963,2,"134.00","85.5144537815126050"
85607,2,"196.50","85.5144537815126050"
86350,2,"418.00","85.5144537815126050"
71618,3,"200.00","135.7497125335377539"
84587,5,"2132.00","110.3389070146818923"
23385,2,"200.00","85.5144537815126050"
80956,5,"160.00","110.3389070146818923"
33294,2,"160.00","85.5144537815126050"
86534,2,"314.50","85.5144537815126050"
55914,3,"160.00","135.7497125335377539"
86401,3,"2508.50","135.7497125335377539"
67292,2,"187.00","85.5144537815126050"
7222,1,"480.00","104.3792564280750521"
85955,1,"137.50","104.3792564280750521"
75747,1,"187.00","104.3792564280750521"
80745,5,"164.50","110.3389070146818923"
63759,3,"400.00","135.7497125335377539"
82770,1,"262.00","104.3792564280750521"
86450,3,"365.00","135.7497125335377539"
60971,3,"160.00","135.7497125335377539"
23664,1,"440.00","104.3792564280750521"
87480,5,"122.50","110.3389070146818923"
87486,2,"155.00","85.5144537815126050"
87563,3,"179.00","135.7497125335377539"
78263,2,"212.00","85.5144537815126050"
85870,2,"486.00","85.5144537815126050"
87434,2,"472.50","85.5144537815126050"
75723,5,"320.00","110.3389070146818923"
12123,2,"240.00","85.5144537815126050"
85510,2,"116.50","85.5144537815126050"
87169,3,"228.50","135.7497125335377539"
86625,3,"4454.00","135.7497125335377539"
86173,3,"187.00","135.7497125335377539"
85544,1,"1080.00","104.3792564280750521"
86749,1,"327.00","104.3792564280750521"
86026,5,"291.00","110.3389070146818923"
62446,2,"240.00","85.5144537815126050"
87617,1,"110.00","104.3792564280750521"
86949,5,"1600.00","110.3389070146818923"
83427,1,"240.00","104.3792564280750521"
16876,2,"89.00","85.5144537815126050"
86902,5,"160.00","110.3389070146818923"
80892,5,"160.00","110.3389070146818923"
20741,2,"120.50","85.5144537815126050"
23083,1,"160.00","104.3792564280750521"
74088,3,"180.00","135.7497125335377539"
44864,2,"200.00","85.5144537815126050"
87101,2,"480.00","85.5144537815126050"
81715,3,"230.00","135.7497125335377539"
71533,3,"388.50","135.7497125335377539"
84364,3,"160.00","135.7497125335377539"
31864,2,"200.00","85.5144537815126050"
78456,3,"179.00","135.7497125335377539"
87138,2,"270.50","85.5144537815126050"
86462,2,"160.00","85.5144537815126050"
71141,2,"93.50","85.5144537815126050"
85155,2,"640.00","85.5144537815126050"
84994,2,"640.00","85.5144537815126050"
86866,1,"400.00","104.3792564280750521"
64740,2,"96.00","85.5144537815126050"
60293,3,"160.00","135.7497125335377539"
86460,2,"806.50","85.5144537815126050"
74993,5,"240.00","110.3389070146818923"
87549,5,"111.00","110.3389070146818923"
86543,1,"682.00","104.3792564280750521"
68990,2,"129.00","85.5144537815126050"
39472,2,"320.00","85.5144537815126050"
81129,2,"189.00","85.5144537815126050"
29428,1,"200.00","104.3792564280750521"
25163,1,"440.00","104.3792564280750521"
73714,3,"160.00","135.7497125335377539"
71692,2,"160.00","85.5144537815126050"
67092,1,"112.50","104.3792564280750521"
79799,5,"400.00","110.3389070146818923"
73361,3,"160.00","135.7497125335377539"
76282,2,"600.00","85.5144537815126050"
68111,2,"134.00","85.5144537815126050"
84540,3,"307.50","135.7497125335377539"
65422,2,"160.00","85.5144537815126050"
84929,2,"160.00","85.5144537815126050"
72328,2,"199.00","85.5144537815126050"
87579,2,"91.50","85.5144537815126050"
82628,2,"173.50","85.5144537815126050"
82516,2,"367.00","85.5144537815126050"
55628,1,"640.00","104.3792564280750521"
85563,1,"173.00","104.3792564280750521"
22334,2,"200.00","85.5144537815126050"
83280,2,"200.00","85.5144537815126050"
80059,5,"320.00","110.3389070146818923"
87176,2,"720.00","85.5144537815126050"
86681,3,"254.00","135.7497125335377539"
87366,2,"149.00","85.5144537815126050"
85385,3,"763.00","135.7497125335377539"
85753,5,"480.00","110.3389070146818923"
87463,5,"394.50","110.3389070146818923"
86513,3,"189.00","135.7497125335377539"
73522,1,"342.50","104.3792564280750521"
76124,3,"532.00","135.7497125335377539"
75746,1,"105.00","104.3792564280750521"
85869,6,"280.00","58.2923076923076923"
68932,2,"135.00","85.5144537815126050"
87323,2,"494.00","85.5144537815126050"
86949,3,"250.00","135.7497125335377539"
45543,3,"240.00","135.7497125335377539"
86774,2,"1008.00","85.5144537815126050"
86026,2,"160.00","85.5144537815126050"
58635,2,"89.00","85.5144537815126050"
82811,5,"862.00","110.3389070146818923"
73298,1,"1680.00","104.3792564280750521"
87136,3,"290.00","135.7497125335377539"
85757,1,"173.50","104.3792564280750521"
85956,5,"400.00","110.3389070146818923"
86177,1,"240.00","104.3792564280750521"
25849,2,"107.00","85.5144537815126050"
87474,3,"236.00","135.7497125335377539"
86461,1,"316.00","104.3792564280750521"
20924,1,"600.00","104.3792564280750521"
77677,1,"180.00","104.3792564280750521"
59469,2,"160.00","85.5144537815126050"
20273,2,"169.00","85.5144537815126050"
75336,2,"240.00","85.5144537815126050"
85903,3,"204.00","135.7497125335377539"
85998,1,"218.00","104.3792564280750521"
83336,5,"160.00","110.3389070146818923"
86111,3,"172.50","135.7497125335377539"
87517,3,"636.00","135.7497125335377539"
86180,2,"111.50","85.5144537815126050"
85644,1,"442.00","104.3792564280750521"
56681,3,"240.00","135.7497125335377539"
86792,3,"240.00","135.7497125335377539"
63619,2,"160.00","85.5144537815126050"
87124,5,"307.00","110.3389070146818923"
56815,1,"455.00","104.3792564280750521"
86452,1,"604.50","104.3792564280750521"
84512,3,"666.00","135.7497125335377539"
86437,3,"241.00","135.7497125335377539"
82150,2,"200.00","85.5144537815126050"
43920,1,"267.00","104.3792564280750521"
87599,1,"143.50","104.3792564280750521"
84395,5,"200.00","110.3389070146818923"
68841,2,"96.00","85.5144537815126050"
58698,2,"200.00","85.5144537815126050"
87344,3,"320.00","135.7497125335377539"
76268,3,"178.00","135.7497125335377539"
87071,3,"162.00","135.7497125335377539"
83368,2,"107.50","85.5144537815126050"
87175,2,"104.00","85.5144537815126050"
87533,5,"187.00","110.3389070146818923"
84902,1,"214.50","104.3792564280750521"
87103,3,"148.00","135.7497125335377539"
40317,1,"160.00","104.3792564280750521"
60411,2,"160.00","85.5144537815126050"
40669,2,"160.00","85.5144537815126050"
60497,2,"160.00","85.5144537815126050"
86651,1,"173.50","104.3792564280750521"
72251,1,"560.00","104.3792564280750521"
4667,1,"160.00","104.3792564280750521"
73108,1,"117.50","104.3792564280750521"
79539,2,"112.50","85.5144537815126050"
86112,5,"1110.00","110.3389070146818923"
71664,1,"294.00","104.3792564280750521"
87520,3,"173.50","135.7497125335377539"
59194,1,"1400.00","104.3792564280750521"
65511,1,"160.00","104.3792564280750521"
19079,1,"160.00","104.3792564280750521"
86398,5,"640.00","110.3389070146818923"
85315,1,"600.00","104.3792564280750521"
61570,2,"90.50","85.5144537815126050"
67338,3,"401.00","135.7497125335377539"
84954,1,"705.00","104.3792564280750521"
81273,5,"320.00","110.3389070146818923"
64944,2,"98.00","85.5144537815126050"
85592,2,"107.00","85.5144537815126050"
87184,5,"175.00","110.3389070146818923"
77479,2,"135.00","85.5144537815126050"
84738,3,"160.00","135.7497125335377539"
77821,3,"160.00","135.7497125335377539"
35982,3,"601.50","135.7497125335377539"
87618,3,"137.00","135.7497125335377539"
84604,3,"400.00","135.7497125335377539"
83294,1,"240.00","104.3792564280750521"
87059,3,"324.50","135.7497125335377539"
62332,1,"187.00","104.3792564280750521"
85882,2,"134.00","85.5144537815126050"
28966,1,"160.00","104.3792564280750521"
75943,1,"119.50","104.3792564280750521"
87243,3,"309.00","135.7497125335377539"
17648,2,"400.00","85.5144537815126050"
52658,1,"200.00","104.3792564280750521"
86030,2,"406.00","85.5144537815126050"
87245,3,"174.50","135.7497125335377539"
77480,3,"169.00","135.7497125335377539"
72620,3,"187.00","135.7497125335377539"
84751,2,"200.00","85.5144537815126050"
34227,2,"320.00","85.5144537815126050"
86882,1,"125.00","104.3792564280750521"
87152,1,"724.50","104.3792564280750521"
85621,3,"439.50","135.7497125335377539"
85547,3,"652.50","135.7497125335377539"
81655,5,"160.00","110.3389070146818923"
83534,2,"104.00","85.5144537815126050"
87074,2,"151.50","85.5144537815126050"
41599,2,"160.00","85.5144537815126050"
86536,2,"169.00","85.5144537815126050"
84705,3,"160.00","135.7497125335377539"
87606,3,"397.50","135.7497125335377539"
32660,3,"240.00","135.7497125335377539"
84615,3,"187.00","135.7497125335377539"
70487,3,"192.50","135.7497125335377539"
80222,1,"960.00","104.3792564280750521"
83786,1,"820.50","104.3792564280750521"
20844,1,"160.00","104.3792564280750521"
66604,2,"280.00","85.5144537815126050"
86679,3,"320.00","135.7497125335377539"
60088,1,"252.50","104.3792564280750521"
82853,1,"143.00","104.3792564280750521"
87570,5,"267.50","110.3389070146818923"
9655,2,"94.50","85.5144537815126050"
2316,1,"1707.00","104.3792564280750521"
66786,3,"320.00","135.7497125335377539"
64615,1,"160.00","104.3792564280750521"
86618,1,"325.50","104.3792564280750521"
22417,2,"160.00","85.5144537815126050"
86847,3,"573.00","135.7497125335377539"
71614,1,"1080.00","104.3792564280750521"
4475,1,"302.50","104.3792564280750521"
87540,5,"193.50","110.3389070146818923"
72203,2,"1600.00","85.5144537815126050"
87469,3,"227.50","135.7497125335377539"
86958,1,"199.50","104.3792564280750521"
34847,2,"100.00","85.5144537815126050"
17878,1,"200.00","104.3792564280750521"
79760,5,"240.00","110.3389070146818923"
55589,3,"760.00","135.7497125335377539"
87450,1,"934.00","104.3792564280750521"
85559,2,"140.50","85.5144537815126050"
64110,1,"160.00","104.3792564280750521"
82589,2,"162.00","85.5144537815126050"
86036,3,"449.00","135.7497125335377539"
71675,1,"104.50","104.3792564280750521"
76766,5,"240.00","110.3389070146818923"
87487,1,"179.50","104.3792564280750521"
82232,5,"160.00","110.3389070146818923"
85585,2,"108.50","85.5144537815126050"
81516,2,"199.50","85.5144537815126050"
22449,1,"200.00","104.3792564280750521"
76395,2,"240.00","85.5144537815126050"
87224,3,"177.00","135.7497125335377539"
87553,5,"301.00","110.3389070146818923"
7971,2,"160.00","85.5144537815126050"
20138,1,"111.50","104.3792564280750521"
87468,3,"148.50","135.7497125335377539"
21861,2,"240.00","85.5144537815126050"
83979,3,"695.00","135.7497125335377539"
87311,5,"240.00","110.3389070146818923"
79906,5,"560.00","110.3389070146818923"
87579,5,"466.50","110.3389070146818923"
87231,1,"107.00","104.3792564280750521"
36233,1,"107.00","104.3792564280750521"
78767,5,"177.00","110.3389070146818923"
87489,2,"823.00","85.5144537815126050"
57850,2,"107.00","85.5144537815126050"
86522,5,"111.00","110.3389070146818923"
59868,1,"680.00","104.3792564280750521"
4511,1,"372.50","104.3792564280750521"
71877,1,"400.00","104.3792564280750521"
87562,1,"144.00","104.3792564280750521"
55085,2,"111.50","85.5144537815126050"
77571,5,"200.00","110.3389070146818923"
80066,1,"199.50","104.3792564280750521"
78846,5,"200.00","110.3389070146818923"
87632,3,"205.00","135.7497125335377539"
84109,5,"267.00","110.3389070146818923"
86558,2,"342.00","85.5144537815126050"
82869,2,"134.00","85.5144537815126050"
87590,1,"278.50","104.3792564280750521"
86676,2,"262.50","85.5144537815126050"
76620,1,"200.00","104.3792564280750521"
87268,1,"150.50","104.3792564280750521"
76030,3,"240.00","135.7497125335377539"
71832,1,"600.00","104.3792564280750521"
63345,3,"240.00","135.7497125335377539"
68629,1,"107.00","104.3792564280750521"
80081,1,"160.00","104.3792564280750521"
86992,3,"3204.50","135.7497125335377539"
85163,3,"494.00","135.7497125335377539"
86097,1,"3431.50","104.3792564280750521"
9717,2,"246.50","85.5144537815126050"
86890,2,"1255.00","85.5144537815126050"
86869,3,"147.50","135.7497125335377539"
75210,1,"160.00","104.3792564280750521"
8405,1,"160.00","104.3792564280750521"
86103,3,"1041.00","135.7497125335377539"
80504,5,"400.00","110.3389070146818923"
85386,5,"160.00","110.3389070146818923"
63525,2,"160.00","85.5144537815126050"
85071,5,"307.00","110.3389070146818923"
87594,2,"166.00","85.5144537815126050"
75589,2,"160.00","85.5144537815126050"
75435,1,"187.50","104.3792564280750521"
82804,2,"400.00","85.5144537815126050"
87614,3,"271.00","135.7497125335377539"
87509,1,"197.00","104.3792564280750521"
83951,1,"114.00","104.3792564280750521"
79852,5,"160.00","110.3389070146818923"
84078,2,"233.50","85.5144537815126050"
87583,3,"756.50","135.7497125335377539"
83266,3,"160.00","135.7497125335377539"
85906,5,"126.50","110.3389070146818923"
71303,2,"1120.00","85.5144537815126050"
83180,1,"560.00","104.3792564280750521"
76542,2,"240.00","85.5144537815126050"
84072,2,"99.00","85.5144537815126050"
73639,1,"160.00","104.3792564280750521"
87514,2,"462.50","85.5144537815126050"
87014,2,"96.50","85.5144537815126050"
84540,5,"560.00","110.3389070146818923"
84991,2,"200.00","85.5144537815126050"
3864,1,"160.00","104.3792564280750521"
77378,3,"331.50","135.7497125335377539"
12869,2,"160.00","85.5144537815126050"
85885,5,"397.00","110.3389070146818923"
86894,3,"268.00","135.7497125335377539"
82804,3,"510.50","135.7497125335377539"
87123,3,"261.00","135.7497125335377539"
83024,1,"240.00","104.3792564280750521"
36211,2,"160.00","85.5144537815126050"
35722,2,"320.00","85.5144537815126050"
87586,1,"188.50","104.3792564280750521"
87153,3,"243.50","135.7497125335377539"
86586,3,"172.50","135.7497125335377539"
86826,5,"385.00","110.3389070146818923"
87497,3,"571.00","135.7497125335377539"
86558,1,"139.50","104.3792564280750521"
38653,1,"160.00","104.3792564280750521"
85514,2,"160.00","85.5144537815126050"
2073,1,"160.00","104.3792564280750521"
55332,2,"640.00","85.5144537815126050"
86332,3,"466.50","135.7497125335377539"
80724,2,"320.00","85.5144537815126050"
85523,2,"117.00","85.5144537815126050"
83443,5,"162.00","110.3389070146818923"
83915,1,"200.00","104.3792564280750521"
82600,5,"171.00","110.3389070146818923"
74490,1,"160.00","104.3792564280750521"
85652,5,"279.00","110.3389070146818923"
24401,1,"572.50","104.3792564280750521"
86163,3,"202.00","135.7497125335377539"
56833,2,"130.00","85.5144537815126050"
87156,1,"172.50","104.3792564280750521"
87497,1,"180.00","104.3792564280750521"
86713,3,"252.50","135.7497125335377539"
29901,1,"160.00","104.3792564280750521"
86915,3,"321.00","135.7497125335377539"
87571,1,"719.00","104.3792564280750521"
87298,2,"86.00","85.5144537815126050"
86142,5,"147.50","110.3389070146818923"
79420,2,"240.00","85.5144537815126050"
68418,2,"640.00","85.5144537815126050"
86459,2,"93.50","85.5144537815126050"
87612,5,"137.50","110.3389070146818923"
87131,1,"160.00","104.3792564280750521"
71904,3,"226.50","135.7497125335377539"
70251,1,"200.00","104.3792564280750521"
87054,1,"499.50","104.3792564280750521"
73811,3,"147.50","135.7497125335377539"
87539,1,"128.00","104.3792564280750521"
83318,1,"249.00","104.3792564280750521"
85497,3,"800.00","135.7497125335377539"
72441,2,"160.00","85.5144537815126050"
80800,5,"170.50","110.3389070146818923"
85700,1,"253.50","104.3792564280750521"
87527,1,"187.50","104.3792564280750521"
87554,5,"125.50","110.3389070146818923"
83560,5,"114.00","110.3389070146818923"
69664,2,"400.00","85.5144537815126050"
4775,1,"240.00","104.3792564280750521"
84109,1,"600.00","104.3792564280750521"
63420,1,"1200.00","104.3792564280750521"
87556,1,"143.00","104.3792564280750521"
84994,3,"200.00","135.7497125335377539"
84810,5,"324.00","110.3389070146818923"
87137,5,"512.50","110.3389070146818923"
85529,3,"466.50","135.7497125335377539"
87384,3,"225.50","135.7497125335377539"
55157,1,"107.00","104.3792564280750521"
35622,1,"160.00","104.3792564280750521"
87143,1,"267.00","104.3792564280750521"
82145,1,"3540.00","104.3792564280750521"
86397,3,"240.00","135.7497125335377539"
82893,3,"266.00","135.7497125335377539"
86778,2,"99.00","85.5144537815126050"
72180,2,"267.00","85.5144537815126050"
87575,3,"359.50","135.7497125335377539"
87283,2,"503.50","85.5144537815126050"
87614,2,"140.50","85.5144537815126050"
87228,5,"404.50","110.3389070146818923"
87425,1,"195.00","104.3792564280750521"
83998,1,"323.00","104.3792564280750521"
7314,2,"160.00","85.5144537815126050"
71389,1,"160.00","104.3792564280750521"
82619,2,"160.00","85.5144537815126050"
37528,2,"240.00","85.5144537815126050"
28328,2,"400.00","85.5144537815126050"
87186,3,"319.50","135.7497125335377539"
82654,3,"144.50","135.7497125335377539"
59975,2,"724.50","85.5144537815126050"
73558,1,"189.00","104.3792564280750521"
1574,1,"898.00","104.3792564280750521"
87487,5,"807.50","110.3389070146818923"
56784,1,"160.00","104.3792564280750521"
83650,1,"108.00","104.3792564280750521"
87207,3,"1163.00","135.7497125335377539"
87553,3,"381.50","135.7497125335377539"
86047,3,"224.50","135.7497125335377539"
87473,2,"294.50","85.5144537815126050"
84893,1,"400.00","104.3792564280750521"
86972,1,"152.00","104.3792564280750521"
59637,2,"453.50","85.5144537815126050"
81486,5,"227.00","110.3389070146818923"
86388,5,"280.00","110.3389070146818923"
36219,1,"240.00","104.3792564280750521"
87481,1,"105.50","104.3792564280750521"
35619,1,"200.00","104.3792564280750521"
85534,3,"2294.50","135.7497125335377539"
84316,3,"209.50","135.7497125335377539"
75058,2,"130.50","85.5144537815126050"
87313,5,"216.00","110.3389070146818923"
80236,3,"160.00","135.7497125335377539"
86194,2,"196.50","85.5144537815126050"
83554,5,"234.50","110.3389070146818923"
82633,2,"160.00","85.5144537815126050"
81265,2,"200.00","85.5144537815126050"
87215,3,"291.00","135.7497125335377539"
86271,1,"164.00","104.3792564280750521"
74329,3,"160.00","135.7497125335377539"
87312,1,"114.00","104.3792564280750521"
87446,5,"2914.50","110.3389070146818923"
85931,3,"240.00","135.7497125335377539"
87270,1,"114.00","104.3792564280750521"
68595,1,"240.00","104.3792564280750521"
79770,2,"400.00","85.5144537815126050"
80252,1,"107.00","104.3792564280750521"
86808,2,"105.00","85.5144537815126050"
73292,1,"154.50","104.3792564280750521"
65699,1,"800.00","104.3792564280750521"
87518,3,"455.50","135.7497125335377539"
73322,2,"486.00","85.5144537815126050"
75134,2,"160.00","85.5144537815126050"
69561,1,"248.50","104.3792564280750521"
87498,3,"1393.00","135.7497125335377539"
87032,3,"1225.00","135.7497125335377539"
82337,1,"1160.00","104.3792564280750521"
87172,2,"145.50","85.5144537815126050"
66456,3,"200.00","135.7497125335377539"
71524,1,"400.00","104.3792564280750521"
87413,1,"169.00","104.3792564280750521"
83102,1,"187.00","104.3792564280750521"
30362,3,"200.00","135.7497125335377539"
86330,5,"760.00","110.3389070146818923"
53284,2,"160.00","85.5144537815126050"
83500,3,"148.00","135.7497125335377539"
74951,1,"320.00","104.3792564280750521"
74129,1,"360.00","104.3792564280750521"
74548,1,"240.00","104.3792564280750521"
81803,1,"535.00","104.3792564280750521"
55765,3,"240.00","135.7497125335377539"
67537,2,"200.00","85.5144537815126050"
86793,5,"908.50","110.3389070146818923"
85025,1,"160.00","104.3792564280750521"
78609,5,"160.00","110.3389070146818923"
87219,3,"600.00","135.7497125335377539"
85828,3,"196.00","135.7497125335377539"
84577,2,"320.00","85.5144537815126050"
85182,1,"804.50","104.3792564280750521"
74718,1,"654.50","104.3792564280750521"
33285,1,"200.00","104.3792564280750521"
77591,3,"1077.50","135.7497125335377539"
21357,2,"307.00","85.5144537815126050"
83062,5,"400.00","110.3389070146818923"
75239,1,"240.00","104.3792564280750521"
87485,2,"94.00","85.5144537815126050"
70441,1,"320.00","104.3792564280750521"
86689,5,"371.00","110.3389070146818923"
83371,5,"2080.00","110.3389070146818923"
85253,1,"160.00","104.3792564280750521"
68425,2,"160.00","85.5144537815126050"
84293,1,"1080.00","104.3792564280750521"
86853,2,"168.50","85.5144537815126050"
86137,1,"320.00","104.3792564280750521"
61877,3,"334.00","135.7497125335377539"
58419,3,"200.00","135.7497125335377539"
83697,1,"196.00","104.3792564280750521"
79888,5,"482.00","110.3389070146818923"
87584,3,"144.50","135.7497125335377539"
87509,2,"129.50","85.5144537815126050"
87303,2,"625.00","85.5144537815126050"
21384,3,"268.00","135.7497125335377539"
4541,1,"107.00","104.3792564280750521"
84463,3,"661.50","135.7497125335377539"
64330,1,"240.00","104.3792564280750521"
87413,5,"244.50","110.3389070146818923"
87326,3,"756.00","135.7497125335377539"
37319,1,"265.00","104.3792564280750521"
86015,2,"202.00","85.5144537815126050"
75035,1,"151.50","104.3792564280750521"
44634,3,"640.00","135.7497125335377539"
85807,3,"3882.00","135.7497125335377539"
4417,1,"306.00","104.3792564280750521"
80143,1,"236.00","104.3792564280750521"
84005,2,"160.00","85.5144537815126050"
38780,1,"106.00","104.3792564280750521"
71987,2,"160.00","85.5144537815126050"
47195,2,"240.00","85.5144537815126050"
77172,1,"160.00","104.3792564280750521"
86548,5,"537.00","110.3389070146818923"
73516,5,"1040.00","110.3389070146818923"
74329,1,"187.00","104.3792564280750521"
86925,2,"163.50","85.5144537815126050"
86759,2,"173.00","85.5144537815126050"
60742,1,"307.00","104.3792564280750521"
78857,5,"152.00","110.3389070146818923"
74584,1,"200.00","104.3792564280750521"
85649,3,"268.00","135.7497125335377539"
65548,3,"200.00","135.7497125335377539"
77501,1,"172.50","104.3792564280750521"
33430,2,"240.00","85.5144537815126050"
68660,1,"165.00","104.3792564280750521"
85997,5,"161.00","110.3389070146818923"
75593,2,"155.50","85.5144537815126050"
86425,3,"200.00","135.7497125335377539"
67594,1,"133.00","104.3792564280750521"
81749,3,"200.00","135.7497125335377539"
65869,1,"294.00","104.3792564280750521"
87582,3,"307.50","135.7497125335377539"
84960,2,"200.00","85.5144537815126050"
87535,2,"293.00","85.5144537815126050"
22866,2,"240.00","85.5144537815126050"
86286,2,"320.00","85.5144537815126050"
87154,3,"1415.00","135.7497125335377539"
82775,2,"160.00","85.5144537815126050"
87188,1,"408.00","104.3792564280750521"
70189,1,"160.00","104.3792564280750521"
4400,1,"800.00","104.3792564280750521"
82219,1,"157.50","104.3792564280750521"
86565,1,"251.50","104.3792564280750521"
86452,3,"3643.00","135.7497125335377539"
84543,1,"392.00","104.3792564280750521"
73958,1,"320.00","104.3792564280750521"
82738,1,"160.00","104.3792564280750521"
87520,5,"187.00","110.3389070146818923"
87077,1,"153.00","104.3792564280750521"
86878,2,"94.50","85.5144537815126050"
87284,2,"800.00","85.5144537815126050"
84363,3,"229.50","135.7497125335377539"
78412,2,"720.00","85.5144537815126050"
53159,2,"600.00","85.5144537815126050"
83528,5,"115.50","110.3389070146818923"
86502,1,"160.00","104.3792564280750521"
87621,5,"231.00","110.3389070146818923"
87475,1,"395.00","104.3792564280750521"
87585,1,"105.50","104.3792564280750521"
86531,3,"204.50","135.7497125335377539"
87449,2,"478.00","85.5144537815126050"
87128,1,"177.00","104.3792564280750521"
83927,2,"103.00","85.5144537815126050"
62443,2,"160.00","85.5144537815126050"
73727,2,"115.00","85.5144537815126050"
84808,2,"143.50","85.5144537815126050"
71955,2,"89.00","85.5144537815126050"
14498,1,"164.50","104.3792564280750521"
42052,2,"229.00","85.5144537815126050"
83525,3,"160.00","135.7497125335377539"
87218,2,"520.00","85.5144537815126050"
62026,2,"92.50","85.5144537815126050"
70455,1,"399.50","104.3792564280750521"
54610,2,"2680.00","85.5144537815126050"
85455,3,"422.50","135.7497125335377539"
87605,5,"117.50","110.3389070146818923"
69917,1,"178.00","104.3792564280750521"
78096,2,"240.00","85.5144537815126050"
87346,5,"160.00","110.3389070146818923"
73281,1,"400.00","104.3792564280750521"
80379,5,"186.00","110.3389070146818923"
86050,1,"160.00","104.3792564280750521"
86780,2,"595.50","85.5144537815126050"
86864,3,"587.00","135.7497125335377539"
86866,2,"319.50","85.5144537815126050"
83218,2,"240.00","85.5144537815126050"
85126,3,"172.50","135.7497125335377539"
81211,2,"107.00","85.5144537815126050"
55387,2,"160.00","85.5144537815126050"
86851,2,"202.50","85.5144537815126050"
72499,2,"160.00","85.5144537815126050"
31328,1,"400.00","104.3792564280750521"
86439,3,"1630.00","135.7497125335377539"
29263,2,"1200.00","85.5144537815126050"
83173,3,"746.50","135.7497125335377539"
81821,3,"1120.00","135.7497125335377539"
82884,3,"271.50","135.7497125335377539"
83260,3,"560.00","135.7497125335377539"
86626,3,"310.50","135.7497125335377539"
87506,5,"201.00","110.3389070146818923"
33861,2,"145.50","85.5144537815126050"
79798,5,"160.00","110.3389070146818923"
83299,1,"107.00","104.3792564280750521"
85750,5,"506.00","110.3389070146818923"
84368,3,"960.00","135.7497125335377539"
57039,1,"480.00","104.3792564280750521"
81399,5,"560.00","110.3389070146818923"
68864,1,"240.00","104.3792564280750521"
86012,2,"1440.00","85.5144537815126050"
7065,2,"200.00","85.5144537815126050"
76904,1,"107.00","104.3792564280750521"
87423,3,"2040.00","135.7497125335377539"
87044,1,"151.50","104.3792564280750521"
87596,2,"144.00","85.5144537815126050"
73797,3,"160.00","135.7497125335377539"
79195,1,"280.00","104.3792564280750521"
84703,1,"480.00","104.3792564280750521"
77754,1,"112.50","104.3792564280750521"
9511,1,"160.00","104.3792564280750521"
21696,2,"160.00","85.5144537815126050"
86956,2,"564.50","85.5144537815126050"
72837,1,"197.50","104.3792564280750521"
87490,5,"1398.50","110.3389070146818923"
80928,1,"160.00","104.3792564280750521"
87101,3,"542.00","135.7497125335377539"
80852,3,"600.00","135.7497125335377539"
82874,5,"125.00","110.3389070146818923"
87447,2,"96.50","85.5144537815126050"
87512,3,"220.50","135.7497125335377539"
86922,5,"640.00","110.3389070146818923"
20824,1,"160.00","104.3792564280750521"
81841,1,"126.50","104.3792564280750521"
86194,1,"271.50","104.3792564280750521"
85236,1,"150.00","104.3792564280750521"
82182,1,"240.00","104.3792564280750521"
68937,2,"94.50","85.5144537815126050"
87526,2,"106.00","85.5144537815126050"
86336,2,"124.00","85.5144537815126050"
86712,3,"317.50","135.7497125335377539"
84026,5,"472.50","110.3389070146818923"
74010,1,"1000.00","104.3792564280750521"
85546,3,"216.50","135.7497125335377539"
60991,1,"160.00","104.3792564280750521"
67934,3,"360.00","135.7497125335377539"
8487,1,"480.00","104.3792564280750521"
83677,2,"240.00","85.5144537815126050"
85908,2,"154.50","85.5144537815126050"
80319,1,"320.00","104.3792564280750521"
87271,5,"280.00","110.3389070146818923"
67522,1,"320.00","104.3792564280750521"
87194,3,"244.50","135.7497125335377539"
5222,1,"600.00","104.3792564280750521"
80256,5,"160.00","110.3389070146818923"
87570,1,"1088.00","104.3792564280750521"
86488,5,"538.00","110.3389070146818923"
87600,2,"321.00","85.5144537815126050"
15864,1,"596.00","104.3792564280750521"
24979,2,"103.50","85.5144537815126050"
47164,3,"320.00","135.7497125335377539"
13848,1,"160.00","104.3792564280750521"
72730,1,"130.00","104.3792564280750521"
65725,1,"109.50","104.3792564280750521"
87447,1,"435.00","104.3792564280750521"
87102,1,"440.00","104.3792564280750521"
73565,2,"400.00","85.5144537815126050"
62586,2,"160.00","85.5144537815126050"
85059,3,"138.50","135.7497125335377539"
30332,2,"158.00","85.5144537815126050"
84618,2,"92.50","85.5144537815126050"
72106,3,"240.00","135.7497125335377539"
82276,1,"107.00","104.3792564280750521"
85688,1,"479.00","104.3792564280750521"
85957,2,"161.00","85.5144537815126050"
58891,2,"118.50","85.5144537815126050"
87160,3,"832.50","135.7497125335377539"
87467,1,"116.50","104.3792564280750521"
80762,3,"160.00","135.7497125335377539"
18901,2,"1320.00","85.5144537815126050"
87252,5,"136.00","110.3389070146818923"
86233,5,"240.00","110.3389070146818923"
4995,2,"107.00","85.5144537815126050"
74199,3,"320.00","135.7497125335377539"
77755,3,"200.00","135.7497125335377539"
86679,1,"176.50","104.3792564280750521"
71557,2,"200.00","85.5144537815126050"
86026,1,"161.00","104.3792564280750521"
70884,3,"138.50","135.7497125335377539"
83426,5,"1400.00","110.3389070146818923"
87114,1,"123.00","104.3792564280750521"
81097,1,"1840.00","104.3792564280750521"
7281,1,"160.00","104.3792564280750521"
82263,3,"160.00","135.7497125335377539"
82252,3,"142.50","135.7497125335377539"
87503,5,"179.00","110.3389070146818923"
55313,1,"480.00","104.3792564280750521"
87350,3,"315.00","135.7497125335377539"
74933,3,"160.00","135.7497125335377539"
83369,2,"200.00","85.5144537815126050"
78180,5,"135.50","110.3389070146818923"
85249,1,"612.00","104.3792564280750521"
73296,1,"1189.00","104.3792564280750521"
87476,5,"800.00","110.3389070146818923"
67903,2,"240.00","85.5144537815126050"
87214,2,"117.50","85.5144537815126050"
85732,3,"240.00","135.7497125335377539"
87574,3,"508.00","135.7497125335377539"
69988,2,"160.00","85.5144537815126050"
81910,3,"249.00","135.7497125335377539"
32241,2,"160.00","85.5144537815126050"
87491,5,"141.50","110.3389070146818923"
83224,3,"225.00","135.7497125335377539"
87464,2,"250.00","85.5144537815126050"
81554,5,"200.00","110.3389070146818923"
79397,5,"320.00","110.3389070146818923"
12545,2,"400.00","85.5144537815126050"
69995,3,"244.50","135.7497125335377539"
87435,5,"328.00","110.3389070146818923"
79650,2,"92.50","85.5144537815126050"
5448,1,"240.00","104.3792564280750521"
75583,3,"160.00","135.7497125335377539"
86658,1,"240.00","104.3792564280750521"
87115,2,"350.00","85.5144537815126050"
9479,1,"104.50","104.3792564280750521"
56852,1,"240.00","104.3792564280750521"
80765,5,"112.50","110.3389070146818923"
81688,1,"118.50","104.3792564280750521"
86417,2,"280.00","85.5144537815126050"
73621,3,"340.00","135.7497125335377539"
82481,5,"400.00","110.3389070146818923"
86336,1,"231.00","104.3792564280750521"
24787,2,"160.00","85.5144537815126050"
69893,5,"1200.00","110.3389070146818923"
41993,1,"240.00","104.3792564280750521"
71853,3,"187.00","135.7497125335377539"
73184,3,"160.00","135.7497125335377539"
15841,3,"160.00","135.7497125335377539"
85844,1,"119.50","104.3792564280750521"
87623,2,"119.50","85.5144537815126050"
20451,2,"320.00","85.5144537815126050"
5603,2,"160.00","85.5144537815126050"
56904,2,"110.00","85.5144537815126050"
87357,2,"173.50","85.5144537815126050"
58264,3,"800.00","135.7497125335377539"
87406,5,"607.00","110.3389070146818923"
87166,3,"188.50","135.7497125335377539"
74429,1,"200.00","104.3792564280750521"
82413,3,"187.50","135.7497125335377539"
86260,3,"162.00","135.7497125335377539"
86546,2,"188.00","85.5144537815126050"
85353,2,"160.00","85.5144537815126050"
87164,2,"1663.00","85.5144537815126050"
36584,1,"107.00","104.3792564280750521"
87508,3,"197.50","135.7497125335377539"
85517,3,"1601.50","135.7497125335377539"
83602,3,"440.00","135.7497125335377539"
86529,3,"2240.00","135.7497125335377539"
87615,3,"230.50","135.7497125335377539"
68563,2,"172.50","85.5144537815126050"
12870,2,"107.00","85.5144537815126050"
86717,3,"160.00","135.7497125335377539"
77454,1,"400.00","104.3792564280750521"
87283,5,"551.50","110.3389070146818923"
87238,3,"163.00","135.7497125335377539"
87240,3,"164.50","135.7497125335377539"
85318,2,"105.00","85.5144537815126050"
4542,2,"108.00","85.5144537815126050"
87184,2,"249.50","85.5144537815126050"
87332,3,"140.00","135.7497125335377539"
84931,2,"128.50","85.5144537815126050"
87091,3,"159.00","135.7497125335377539"
84571,3,"640.00","135.7497125335377539"
70234,1,"240.00","104.3792564280750521"
63713,2,"560.00","85.5144537815126050"
85910,3,"222.50","135.7497125335377539"
7341,1,"160.00","104.3792564280750521"
81477,5,"1400.00","110.3389070146818923"
86834,3,"408.50","135.7497125335377539"
87188,2,"547.00","85.5144537815126050"
72185,3,"854.50","135.7497125335377539"
62617,3,"400.00","135.7497125335377539"
82784,5,"200.00","110.3389070146818923"
72046,3,"1067.00","135.7497125335377539"
85665,2,"1880.00","85.5144537815126050"
84689,3,"400.00","135.7497125335377539"
83296,1,"187.00","104.3792564280750521"
87335,3,"256.50","135.7497125335377539"
86963,2,"222.00","85.5144537815126050"
36509,2,"160.00","85.5144537815126050"
87580,2,"96.00","85.5144537815126050"
82549,5,"920.00","110.3389070146818923"
86927,5,"268.50","110.3389070146818923"
87405,5,"640.00","110.3389070146818923"
87499,2,"115.00","85.5144537815126050"
81832,2,"1030.50","85.5144537815126050"
76565,1,"160.00","104.3792564280750521"
76444,1,"400.00","104.3792564280750521"
87451,3,"558.00","135.7497125335377539"
20372,1,"200.00","104.3792564280750521"
65988,3,"157.50","135.7497125335377539"
87360,3,"267.50","135.7497125335377539"
70544,1,"214.00","104.3792564280750521"
86866,3,"754.50","135.7497125335377539"
21890,1,"2000.00","104.3792564280750521"
72204,1,"200.00","104.3792564280750521"
38638,1,"280.00","104.3792564280750521"
81781,3,"146.50","135.7497125335377539"
78917,1,"380.50","104.3792564280750521"
87438,3,"637.00","135.7497125335377539"
56518,2,"112.50","85.5144537815126050"
75176,1,"240.00","104.3792564280750521"
71999,1,"252.50","104.3792564280750521"
87610,2,"109.00","85.5144537815126050"
58222,1,"160.00","104.3792564280750521"
74509,1,"160.00","104.3792564280750521"
85761,3,"200.00","135.7497125335377539"
68383,1,"320.00","104.3792564280750521"
87492,1,"125.50","104.3792564280750521"
85732,1,"107.00","104.3792564280750521"
84546,3,"748.00","135.7497125335377539"
27135,2,"200.00","85.5144537815126050"
85850,1,"119.50","104.3792564280750521"
87481,3,"262.00","135.7497125335377539"
84466,1,"1800.00","104.3792564280750521"
86017,1,"125.50","104.3792564280750521"
87249,1,"242.00","104.3792564280750521"
84866,3,"4004.00","135.7497125335377539"
82054,5,"405.00","110.3389070146818923"
84551,1,"187.50","104.3792564280750521"
83415,1,"212.00","104.3792564280750521"
70100,1,"160.00","104.3792564280750521"
70249,1,"142.50","104.3792564280750521"
80190,5,"240.00","110.3389070146818923"
85707,3,"321.00","135.7497125335377539"
86974,1,"1160.00","104.3792564280750521"
83960,3,"161.50","135.7497125335377539"
10023,2,"160.00","85.5144537815126050"
84690,1,"320.00","104.3792564280750521"
26506,2,"240.00","85.5144537815126050"
73587,2,"240.00","85.5144537815126050"
87466,2,"90.50","85.5144537815126050"
73196,3,"160.00","135.7497125335377539"
64513,3,"200.00","135.7497125335377539"
79298,2,"160.00","85.5144537815126050"
40528,1,"240.00","104.3792564280750521"
86752,1,"160.00","104.3792564280750521"
86165,1,"180.00","104.3792564280750521"
39889,3,"240.00","135.7497125335377539"
86926,2,"560.00","85.5144537815126050"
84204,5,"560.00","110.3389070146818923"
36999,1,"1000.00","104.3792564280750521"
78510,2,"144.50","85.5144537815126050"
78502,5,"200.00","110.3389070146818923"
64544,1,"480.00","104.3792564280750521"
83905,1,"320.00","104.3792564280750521"
87110,2,"90.50","85.5144537815126050"
83873,2,"160.00","85.5144537815126050"
84500,1,"109.00","104.3792564280750521"
87512,2,"173.50","85.5144537815126050"
72226,1,"320.00","104.3792564280750521"
66893,3,"200.00","135.7497125335377539"
78484,5,"391.00","110.3389070146818923"
70090,1,"240.00","104.3792564280750521"
66384,2,"160.00","85.5144537815126050"
77344,1,"227.00","104.3792564280750521"
84334,1,"480.00","104.3792564280750521"
86697,2,"492.50","85.5144537815126050"
33601,2,"160.00","85.5144537815126050"
78441,5,"278.50","110.3389070146818923"
83968,5,"160.00","110.3389070146818923"
4285,1,"412.50","104.3792564280750521"
85891,1,"125.50","104.3792564280750521"
71116,1,"160.00","104.3792564280750521"
87490,3,"284.50","135.7497125335377539"
67373,3,"240.00","135.7497125335377539"
86214,1,"404.50","104.3792564280750521"
84226,3,"240.00","135.7497125335377539"
77556,5,"280.00","110.3389070146818923"
87506,2,"117.00","85.5144537815126050"
86887,3,"174.50","135.7497125335377539"
86064,2,"111.50","85.5144537815126050"
87590,2,"406.00","85.5144537815126050"
63016,3,"240.00","135.7497125335377539"
82286,1,"125.00","104.3792564280750521"
74665,3,"200.00","135.7497125335377539"
74337,1,"1012.00","104.3792564280750521"
87491,3,"147.00","135.7497125335377539"
74507,1,"132.00","104.3792564280750521"
84837,3,"160.00","135.7497125335377539"
67186,2,"187.00","85.5144537815126050"
84420,2,"1892.00","85.5144537815126050"
85695,3,"183.50","135.7497125335377539"
87237,2,"190.50","85.5144537815126050"
81367,1,"112.50","104.3792564280750521"
87551,3,"1014.00","135.7497125335377539"
83837,1,"187.00","104.3792564280750521"
87156,3,"160.00","135.7497125335377539"
86875,2,"902.50","85.5144537815126050"
87234,2,"108.00","85.5144537815126050"
63325,2,"200.00","85.5144537815126050"
80605,5,"111.00","110.3389070146818923"
87046,3,"298.00","135.7497125335377539"
19889,1,"400.00","104.3792564280750521"
56372,1,"210.00","104.3792564280750521"
80717,2,"267.00","85.5144537815126050"
86671,2,"320.00","85.5144537815126050"
79096,5,"159.00","110.3389070146818923"
79464,1,"200.00","104.3792564280750521"
87568,1,"177.00","104.3792564280750521"
86237,1,"160.00","104.3792564280750521"
71915,3,"320.00","135.7497125335377539"
13853,2,"320.00","85.5144537815126050"
82991,2,"108.50","85.5144537815126050"
83271,3,"640.00","135.7497125335377539"
87526,1,"231.50","104.3792564280750521"
87006,3,"282.50","135.7497125335377539"
86192,3,"240.00","135.7497125335377539"
17757,2,"160.00","85.5144537815126050"
86354,3,"720.00","135.7497125335377539"
4585,2,"480.00","85.5144537815126050"
77289,3,"600.00","135.7497125335377539"
87413,2,"91.50","85.5144537815126050"
82800,3,"145.50","135.7497125335377539"
86805,3,"701.00","135.7497125335377539"
37654,1,"160.00","104.3792564280750521"
87435,3,"184.50","135.7497125335377539"
85031,3,"160.00","135.7497125335377539"
31861,1,"640.00","104.3792564280750521"
82624,1,"153.50","104.3792564280750521"
87609,3,"1302.50","135.7497125335377539"
69966,2,"240.00","85.5144537815126050"
87031,2,"93.00","85.5144537815126050"
79411,5,"320.00","110.3389070146818923"
87419,3,"188.00","135.7497125335377539"
84868,3,"351.50","135.7497125335377539"
20314,2,"294.00","85.5144537815126050"
81330,2,"160.00","85.5144537815126050"
81710,5,"116.00","110.3389070146818923"
87490,2,"92.50","85.5144537815126050"
84970,3,"250.00","135.7497125335377539"
87488,5,"476.00","110.3389070146818923"
86732,5,"600.00","110.3389070146818923"
87588,2,"160.50","85.5144537815126050"
82752,5,"439.00","110.3389070146818923"
6295,1,"160.00","104.3792564280750521"
7715,1,"880.00","104.3792564280750521"
86325,1,"133.00","104.3792564280750521"
82550,1,"119.50","104.3792564280750521"
86338,5,"800.00","110.3389070146818923"
83673,3,"5596.00","135.7497125335377539"
21550,3,"240.00","135.7497125335377539"
86259,1,"200.00","104.3792564280750521"
86556,2,"160.00","85.5144537815126050"
14629,2,"160.00","85.5144537815126050"
87121,1,"119.50","104.3792564280750521"
35793,2,"160.00","85.5144537815126050"
80789,1,"200.00","104.3792564280750521"
85159,1,"199.50","104.3792564280750521"
57479,1,"240.00","104.3792564280750521"
87536,3,"277.50","135.7497125335377539"
52238,1,"894.00","104.3792564280750521"
68136,1,"240.00","104.3792564280750521"
84690,2,"187.00","85.5144537815126050"
67597,1,"509.00","104.3792564280750521"
87096,2,"87.50","85.5144537815126050"
87128,3,"143.00","135.7497125335377539"
87534,5,"438.00","110.3389070146818923"
87479,2,"196.00","85.5144537815126050"
65802,2,"285.00","85.5144537815126050"
87554,3,"860.00","135.7497125335377539"
83609,1,"181.50","104.3792564280750521"
71249,1,"200.00","104.3792564280750521"
68581,3,"200.00","135.7497125335377539"
79389,5,"560.00","110.3389070146818923"
87109,1,"180.00","104.3792564280750521"
69706,2,"160.00","85.5144537815126050"
87573,1,"116.50","104.3792564280750521"
87415,2,"166.50","85.5144537815126050"
85462,1,"200.00","104.3792564280750521"
68604,2,"360.00","85.5144537815126050"
86369,3,"560.00","135.7497125335377539"
68820,3,"520.00","135.7497125335377539"
85238,5,"135.00","110.3389070146818923"
86573,3,"174.50","135.7497125335377539"
87514,3,"306.50","135.7497125335377539"
65227,1,"640.00","104.3792564280750521"
74502,3,"171.50","135.7497125335377539"
32976,3,"138.50","135.7497125335377539"
85514,5,"694.00","110.3389070146818923"
77434,2,"200.00","85.5144537815126050"
80913,1,"155.00","104.3792564280750521"
82503,3,"680.00","135.7497125335377539"
85535,3,"378.00","135.7497125335377539"
87460,1,"109.00","104.3792564280750521"
85748,1,"106.00","104.3792564280750521"
68453,1,"200.00","104.3792564280750521"
79939,5,"187.00","110.3389070146818923"
83552,3,"200.00","135.7497125335377539"
87575,2,"177.00","85.5144537815126050"
87467,2,"671.50","85.5144537815126050"
63643,2,"880.00","85.5144537815126050"
87529,5,"115.00","110.3389070146818923"
87288,5,"240.00","110.3389070146818923"
79002,5,"244.50","110.3389070146818923"
86741,2,"123.00","85.5144537815126050"
85466,1,"239.00","104.3792564280750521"
86728,1,"161.50","104.3792564280750521"
87062,3,"815.00","135.7497125335377539"
72979,1,"160.00","104.3792564280750521"
87107,2,"164.50","85.5144537815126050"
8760,2,"264.50","85.5144537815126050"
84006,5,"167.50","110.3389070146818923"
87410,1,"269.00","104.3792564280750521"
21096,2,"160.00","85.5144537815126050"
86685,2,"320.00","85.5144537815126050"
85497,1,"1080.00","104.3792564280750521"
87525,1,"126.50","104.3792564280750521"
82155,3,"153.00","135.7497125335377539"
87099,2,"200.00","85.5144537815126050"
86552,2,"94.50","85.5144537815126050"
58816,2,"160.00","85.5144537815126050"
8152,1,"290.00","104.3792564280750521"
87550,3,"190.50","135.7497125335377539"
87301,5,"116.00","110.3389070146818923"
87270,3,"2040.00","135.7497125335377539"
87489,1,"457.50","104.3792564280750521"
81872,5,"200.00","110.3389070146818923"
82770,3,"240.00","135.7497125335377539"
77166,2,"400.00","85.5144537815126050"
87493,3,"139.00","135.7497125335377539"
78610,5,"454.00","110.3389070146818923"
21337,2,"160.00","85.5144537815126050"
78663,5,"219.00","110.3389070146818923"
14393,2,"160.00","85.5144537815126050"
87378,2,"832.50","85.5144537815126050"
8309,1,"160.00","104.3792564280750521"
87177,3,"360.00","135.7497125335377539"
29342,3,"240.00","135.7497125335377539"
86556,5,"131.00","110.3389070146818923"
79925,1,"215.50","104.3792564280750521"
70229,2,"800.00","85.5144537815126050"
23994,1,"160.00","104.3792564280750521"
62800,1,"240.00","104.3792564280750521"
24607,2,"200.00","85.5144537815126050"
87626,3,"383.50","135.7497125335377539"
86868,3,"168.50","135.7497125335377539"
87475,2,"124.00","85.5144537815126050"
87608,3,"263.00","135.7497125335377539"
59547,2,"880.00","85.5144537815126050"
87574,1,"301.00","104.3792564280750521"
87486,3,"387.50","135.7497125335377539"
7772,1,"160.00","104.3792564280750521"
87241,2,"160.00","85.5144537815126050"
87189,5,"605.50","110.3389070146818923"
28024,2,"200.00","85.5144537815126050"
87154,5,"444.50","110.3389070146818923"
83101,5,"560.00","110.3389070146818923"
87110,3,"218.50","135.7497125335377539"
19384,2,"160.00","85.5144537815126050"
86797,1,"205.00","104.3792564280750521"
87510,1,"315.00","104.3792564280750521"
70880,3,"257.00","135.7497125335377539"
55900,3,"440.00","135.7497125335377539"
87213,1,"106.00","104.3792564280750521"
3579,1,"172.50","104.3792564280750521"
68636,1,"189.00","104.3792564280750521"
72848,1,"212.00","104.3792564280750521"
85868,3,"270.00","135.7497125335377539"
85253,5,"480.00","110.3389070146818923"
85230,2,"680.00","85.5144537815126050"
83764,3,"349.00","135.7497125335377539"
80184,5,"200.00","110.3389070146818923"
68732,2,"93.50","85.5144537815126050"
45053,3,"240.00","135.7497125335377539"
66697,2,"160.00","85.5144537815126050"
87255,3,"164.50","135.7497125335377539"
87504,2,"1664.00","85.5144537815126050"
67240,1,"107.00","104.3792564280750521"
73024,2,"244.50","85.5144537815126050"
85077,2,"160.00","85.5144537815126050"
83167,5,"238.00","110.3389070146818923"
68160,1,"360.00","104.3792564280750521"
78637,5,"320.00","110.3389070146818923"
84962,2,"100.00","85.5144537815126050"
85951,5,"263.00","110.3389070146818923"
84894,2,"88.50","85.5144537815126050"
85479,3,"1678.00","135.7497125335377539"
73060,3,"320.00","135.7497125335377539"
3698,1,"280.00","104.3792564280750521"
87351,3,"414.50","135.7497125335377539"
22141,1,"240.00","104.3792564280750521"
65322,2,"89.00","85.5144537815126050"
10104,1,"200.00","104.3792564280750521"
87487,2,"86.50","85.5144537815126050"
84382,3,"141.00","135.7497125335377539"
87463,2,"92.50","85.5144537815126050"
83410,2,"170.50","85.5144537815126050"
85011,2,"160.00","85.5144537815126050"
38561,2,"135.00","85.5144537815126050"
86861,1,"166.50","104.3792564280750521"
86287,1,"560.00","104.3792564280750521"
87272,3,"139.50","135.7497125335377539"
30878,1,"141.50","104.3792564280750521"
81321,3,"772.50","135.7497125335377539"
83289,1,"160.00","104.3792564280750521"
87157,2,"118.50","85.5144537815126050"
74575,1,"160.00","104.3792564280750521"
86596,2,"1055.00","85.5144537815126050"
87538,1,"175.00","104.3792564280750521"
87371,5,"189.00","110.3389070146818923"
71742,1,"107.00","104.3792564280750521"
28866,3,"680.00","135.7497125335377539"
84897,3,"347.00","135.7497125335377539"
78964,5,"400.00","110.3389070146818923"
77599,1,"200.00","104.3792564280750521"
22355,2,"92.50","85.5144537815126050"
79341,3,"212.50","135.7497125335377539"
63980,2,"160.00","85.5144537815126050"
80248,5,"177.00","110.3389070146818923"
87533,1,"346.00","104.3792564280750521"
87588,5,"114.00","110.3389070146818923"
86364,3,"895.00","135.7497125335377539"
87225,2,"488.00","85.5144537815126050"
87421,2,"90.00","85.5144537815126050"
82828,1,"197.50","104.3792564280750521"
86977,3,"1003.50","135.7497125335377539"
86256,2,"240.00","85.5144537815126050"
84124,2,"93.50","85.5144537815126050"
87150,5,"560.00","110.3389070146818923"
82709,3,"480.00","135.7497125335377539"
15504,2,"119.50","85.5144537815126050"
87201,1,"162.50","104.3792564280750521"
87468,2,"215.00","85.5144537815126050"
85495,5,"160.00","110.3389070146818923"
87488,3,"5586.50","135.7497125335377539"
20938,2,"240.00","85.5144537815126050"
80993,1,"160.00","104.3792564280750521"
87350,6,"334.00","58.2923076923076923"
87560,2,"114.50","85.5144537815126050"
82996,1,"480.00","104.3792564280750521"
83004,3,"473.50","135.7497125335377539"
75101,2,"142.50","85.5144537815126050"
79933,5,"169.00","110.3389070146818923"
26980,2,"481.00","85.5144537815126050"
14464,1,"200.00","104.3792564280750521"
87474,2,"270.00","85.5144537815126050"
80826,1,"160.00","104.3792564280750521"
83727,3,"240.00","135.7497125335377539"
83811,3,"500.00","135.7497125335377539"
19912,2,"135.00","85.5144537815126050"
7967,1,"160.00","104.3792564280750521"
85329,1,"2240.00","104.3792564280750521"
83063,3,"320.00","135.7497125335377539"
86687,2,"374.00","85.5144537815126050"
73725,3,"169.00","135.7497125335377539"
83093,2,"160.00","85.5144537815126050"
71923,3,"162.00","135.7497125335377539"
5166,1,"160.00","104.3792564280750521"
82963,3,"294.00","135.7497125335377539"
70473,1,"320.00","104.3792564280750521"
33313,3,"1002.50","135.7497125335377539"
83578,5,"795.00","110.3389070146818923"
86533,2,"376.50","85.5144537815126050"
35818,2,"160.00","85.5144537815126050"
71879,1,"160.00","104.3792564280750521"
15307,1,"160.00","104.3792564280750521"
77026,5,"627.00","110.3389070146818923"
75358,1,"164.50","104.3792564280750521"
74935,1,"347.00","104.3792564280750521"
85656,5,"325.50","110.3389070146818923"
67509,1,"160.00","104.3792564280750521"
87522,3,"277.50","135.7497125335377539"
37921,2,"107.00","85.5144537815126050"
74869,1,"412.50","104.3792564280750521"
86288,2,"147.50","85.5144537815126050"
68529,1,"240.00","104.3792564280750521"
83784,2,"320.00","85.5144537815126050"
35621,1,"200.00","104.3792564280750521"
83537,5,"240.00","110.3389070146818923"
87495,2,"114.50","85.5144537815126050"
86014,1,"160.00","104.3792564280750521"
72944,1,"440.00","104.3792564280750521"
70086,1,"600.00","104.3792564280750521"
82419,2,"311.00","85.5144537815126050"
7695,1,"183.50","104.3792564280750521"
75782,2,"880.00","85.5144537815126050"
37512,2,"158.00","85.5144537815126050"
80818,5,"134.00","110.3389070146818923"
87187,3,"159.00","135.7497125335377539"
82965,1,"198.50","104.3792564280750521"
87374,1,"140.00","104.3792564280750521"
87182,5,"135.00","110.3389070146818923"
74528,3,"160.00","135.7497125335377539"
86711,6,"560.00","58.2923076923076923"
77872,6,"212.00","58.2923076923076923"
161,1,"160.00","104.3792564280750521"
71228,1,"400.00","104.3792564280750521"
87526,3,"141.50","135.7497125335377539"
87088,2,"172.50","85.5144537815126050"
61537,3,"560.00","135.7497125335377539"
6465,1,"240.00","104.3792564280750521"
87180,3,"177.00","135.7497125335377539"
67347,1,"160.00","104.3792564280750521"
87549,3,"476.00","135.7497125335377539"
79491,6,"124.00","58.2923076923076923"
20296,2,"204.00","85.5144537815126050"
86577,3,"175.00","135.7497125335377539"
87512,1,"740.00","104.3792564280750521"
85519,1,"266.50","104.3792564280750521"
87316,3,"226.50","135.7497125335377539"
15851,2,"160.00","85.5144537815126050"
62756,1,"160.00","104.3792564280750521"
83058,2,"320.00","85.5144537815126050"
73797,2,"680.00","85.5144537815126050"
87519,1,"428.50","104.3792564280750521"
86961,2,"102.00","85.5144537815126050"
83788,3,"534.50","135.7497125335377539"
77880,3,"640.00","135.7497125335377539"
7993,1,"240.00","104.3792564280750521"
86274,3,"205.00","135.7497125335377539"
70388,1,"160.00","104.3792564280750521"
84984,2,"269.50","85.5144537815126050"
86877,3,"191.50","135.7497125335377539"
56490,1,"680.50","104.3792564280750521"
80043,2,"108.00","85.5144537815126050"
73119,2,"100.00","85.5144537815126050"
87052,5,"216.00","110.3389070146818923"
68791,2,"200.00","85.5144537815126050"
72143,2,"1240.00","85.5144537815126050"
86989,2,"800.00","85.5144537815126050"
66430,1,"134.00","104.3792564280750521"
87447,3,"482.00","135.7497125335377539"
87544,2,"201.50","85.5144537815126050"
87514,1,"359.50","104.3792564280750521"
82660,3,"2182.50","135.7497125335377539"
87613,3,"762.00","135.7497125335377539"
81380,2,"160.00","85.5144537815126050"
86242,3,"1002.00","135.7497125335377539"
83905,6,"1000.00","58.2923076923076923"
83233,3,"920.00","135.7497125335377539"
55646,1,"640.00","104.3792564280750521"
58227,1,"400.00","104.3792564280750521"
84531,5,"142.50","110.3389070146818923"
25261,2,"720.00","85.5144537815126050"
19398,3,"320.00","135.7497125335377539"
76979,1,"160.00","104.3792564280750521"
9982,1,"160.00","104.3792564280750521"
21236,2,"160.00","85.5144537815126050"
87622,1,"169.00","104.3792564280750521"
65285,2,"93.50","85.5144537815126050"
87164,1,"145.00","104.3792564280750521"
83721,2,"108.00","85.5144537815126050"
87392,2,"164.50","85.5144537815126050"
72310,3,"200.00","135.7497125335377539"
67968,2,"200.00","85.5144537815126050"
87259,3,"1241.50","135.7497125335377539"
87549,2,"744.00","85.5144537815126050"
75417,2,"160.00","85.5144537815126050"
85463,1,"600.00","104.3792564280750521"
35877,1,"160.00","104.3792564280750521"
65501,1,"109.50","104.3792564280750521"
38267,2,"160.00","85.5144537815126050"
14736,1,"254.00","104.3792564280750521"
87282,1,"123.50","104.3792564280750521"
80769,5,"337.50","110.3389070146818923"
82467,3,"137.50","135.7497125335377539"
87592,2,"105.00","85.5144537815126050"
22232,2,"240.00","85.5144537815126050"
68923,3,"294.00","135.7497125335377539"
85522,2,"154.00","85.5144537815126050"
86978,5,"269.50","110.3389070146818923"
62158,3,"160.00","135.7497125335377539"
65045,3,"299.50","135.7497125335377539"
61691,3,"240.00","135.7497125335377539"
87481,2,"274.50","85.5144537815126050"
84479,2,"240.00","85.5144537815126050"
87308,3,"452.00","135.7497125335377539"
60724,1,"329.00","104.3792564280750521"
24119,2,"320.00","85.5144537815126050"
87498,2,"279.50","85.5144537815126050"
7699,2,"320.00","85.5144537815126050"
86991,3,"272.50","135.7497125335377539"
84939,2,"215.00","85.5144537815126050"
84847,2,"176.50","85.5144537815126050"
86485,1,"120.50","104.3792564280750521"
3983,1,"214.00","104.3792564280750521"
87500,3,"172.50","135.7497125335377539"
18915,2,"160.00","85.5144537815126050"
82167,1,"172.50","104.3792564280750521"
74540,3,"520.00","135.7497125335377539"
87424,2,"384.50","85.5144537815126050"
87380,2,"160.00","85.5144537815126050"
54836,1,"400.00","104.3792564280750521"
87097,2,"136.00","85.5144537815126050"
85968,3,"600.00","135.7497125335377539"
75475,1,"240.00","104.3792564280750521"
87571,3,"427.50","135.7497125335377539"
83874,5,"1440.00","110.3389070146818923"
54160,2,"187.00","85.5144537815126050"
36290,2,"160.00","85.5144537815126050"
85457,3,"186.50","135.7497125335377539"
85600,3,"145.50","135.7497125335377539"
87539,3,"227.00","135.7497125335377539"
87516,3,"142.00","135.7497125335377539"
41952,1,"320.00","104.3792564280750521"
86434,3,"532.00","135.7497125335377539"
87511,2,"145.50","85.5144537815126050"
65821,3,"200.00","135.7497125335377539"
87364,5,"262.00","110.3389070146818923"
86981,1,"107.00","104.3792564280750521"
12726,2,"160.00","85.5144537815126050"
77118,1,"320.00","104.3792564280750521"
87052,3,"162.50","135.7497125335377539"
18271,1,"880.00","104.3792564280750521"
86748,2,"200.00","85.5144537815126050"
39074,1,"319.00","104.3792564280750521"
72541,1,"107.00","104.3792564280750521"
82743,1,"240.00","104.3792564280750521"
75240,3,"160.00","135.7497125335377539"
35812,2,"240.00","85.5144537815126050"
72751,2,"160.00","85.5144537815126050"
84661,1,"160.00","104.3792564280750521"
62084,2,"204.50","85.5144537815126050"
74738,1,"160.00","104.3792564280750521"
82773,3,"324.50","135.7497125335377539"
79074,5,"960.00","110.3389070146818923"
69010,1,"173.50","104.3792564280750521"
69812,3,"640.00","135.7497125335377539"
61601,2,"246.00","85.5144537815126050"
87492,2,"107.00","85.5144537815126050"
86530,3,"355.50","135.7497125335377539"
87510,3,"607.00","135.7497125335377539"
87259,2,"118.00","85.5144537815126050"
81694,5,"128.50","110.3389070146818923"
87491,2,"118.00","85.5144537815126050"
87384,1,"117.50","104.3792564280750521"
87504,3,"144.50","135.7497125335377539"
83783,3,"1068.00","135.7497125335377539"
7925,1,"160.00","104.3792564280750521"
58251,3,"160.00","135.7497125335377539"
9858,1,"160.00","104.3792564280750521"
86703,2,"160.00","85.5144537815126050"
74136,1,"1000.00","104.3792564280750521"
87420,1,"400.00","104.3792564280750521"
86550,2,"88.00","85.5144537815126050"
84247,1,"107.00","104.3792564280750521"
86178,1,"175.00","104.3792564280750521"
87409,2,"352.00","85.5144537815126050"
75563,1,"214.00","104.3792564280750521"
87585,5,"323.50","110.3389070146818923"
71428,1,"640.00","104.3792564280750521"
60352,1,"400.00","104.3792564280750521"
17806,2,"123.00","85.5144537815126050"
75722,1,"160.00","104.3792564280750521"
86484,1,"189.50","104.3792564280750521"
65077,1,"120.50","104.3792564280750521"
65401,2,"240.00","85.5144537815126050"
22602,2,"160.00","85.5144537815126050"
81387,6,"80.00","58.2923076923076923"
85978,3,"554.50","135.7497125335377539"
37871,1,"400.00","104.3792564280750521"
87118,3,"640.00","135.7497125335377539"
87374,3,"481.50","135.7497125335377539"
74462,1,"240.00","104.3792564280750521"
31633,1,"600.00","104.3792564280750521"
78970,5,"161.00","110.3389070146818923"
85650,1,"160.00","104.3792564280750521"
87475,3,"1324.00","135.7497125335377539"
86782,1,"804.50","104.3792564280750521"
33997,2,"1290.00","85.5144537815126050"
80001,5,"164.50","110.3389070146818923"
81032,1,"162.00","104.3792564280750521"
78177,1,"108.00","104.3792564280750521"
86092,3,"432.50","135.7497125335377539"
80266,1,"160.00","104.3792564280750521"
86876,1,"120.50","104.3792564280750521"
68084,2,"200.00","85.5144537815126050"
72557,1,"200.00","104.3792564280750521"
84364,1,"204.00","104.3792564280750521"
86452,5,"134.00","110.3389070146818923"
86873,3,"180.00","135.7497125335377539"
86367,1,"199.50","104.3792564280750521"
71053,2,"169.50","85.5144537815126050"
81919,2,"134.00","85.5144537815126050"
55819,1,"160.00","104.3792564280750521"
65017,2,"92.50","85.5144537815126050"
86877,5,"152.50","110.3389070146818923"
57005,3,"160.00","135.7497125335377539"
86801,3,"229.00","135.7497125335377539"
64680,1,"480.00","104.3792564280750521"
961,1,"230.00","104.3792564280750521"
87230,1,"159.00","104.3792564280750521"
21857,1,"160.00","104.3792564280750521"
86531,1,"192.50","104.3792564280750521"
19264,1,"2600.00","104.3792564280750521"
85652,1,"240.00","104.3792564280750521"
76517,2,"86.00","85.5144537815126050"
83518,1,"164.50","104.3792564280750521"
72535,1,"160.00","104.3792564280750521"
64195,3,"193.00","135.7497125335377539"
85967,3,"400.00","135.7497125335377539"
77387,3,"320.00","135.7497125335377539"
87504,1,"279.50","104.3792564280750521"
10292,1,"440.00","104.3792564280750521"
38192,3,"160.00","135.7497125335377539"
78992,2,"107.00","85.5144537815126050"
87235,1,"242.00","104.3792564280750521"
86575,1,"772.50","104.3792564280750521"
85416,1,"193.50","104.3792564280750521"
10404,2,"160.00","85.5144537815126050"
82018,5,"170.00","110.3389070146818923"
87527,3,"360.00","135.7497125335377539"
85714,2,"124.00","85.5144537815126050"
78793,1,"187.00","104.3792564280750521"
81982,5,"285.00","110.3389070146818923"
87565,3,"195.00","135.7497125335377539"
78356,3,"543.50","135.7497125335377539"
75463,5,"240.00","110.3389070146818923"
86724,2,"140.50","85.5144537815126050"
87474,1,"246.50","104.3792564280750521"
87571,2,"122.00","85.5144537815126050"
86295,3,"742.50","135.7497125335377539"
86691,3,"136.00","135.7497125335377539"
74916,1,"105.00","104.3792564280750521"
85684,5,"240.00","110.3389070146818923"
80470,6,"154.00","58.2923076923076923"
74070,3,"252.50","135.7497125335377539"
85316,3,"218.50","135.7497125335377539"
69249,1,"400.00","104.3792564280750521"
82704,5,"454.00","110.3389070146818923"
74210,1,"105.00","104.3792564280750521"
84978,3,"4620.00","135.7497125335377539"
85264,1,"180.00","104.3792564280750521"
87610,3,"221.50","135.7497125335377539"
83999,2,"238.00","85.5144537815126050"
85750,3,"220.50","135.7497125335377539"
81507,3,"200.00","135.7497125335377539"
83853,3,"652.50","135.7497125335377539"
83855,2,"560.00","85.5144537815126050"
76320,6,"80.00","58.2923076923076923"
84222,1,"200.00","104.3792564280750521"
71952,2,"258.00","85.5144537815126050"
36806,3,"240.00","135.7497125335377539"
80224,1,"549.50","104.3792564280750521"
16716,2,"160.00","85.5144537815126050"
77844,2,"600.00","85.5144537815126050"
86743,3,"160.00","135.7497125335377539"
69054,3,"320.00","135.7497125335377539"
65999,3,"210.50","135.7497125335377539"
71044,1,"106.00","104.3792564280750521"
74538,2,"240.00","85.5144537815126050"
61025,2,"1000.00","85.5144537815126050"
86829,2,"105.00","85.5144537815126050"
32574,3,"160.00","135.7497125335377539"
84223,3,"204.00","135.7497125335377539"
78353,1,"240.00","104.3792564280750521"
86411,3,"438.50","135.7497125335377539"
86951,1,"576.00","104.3792564280750521"
80584,1,"154.50","104.3792564280750521"
86150,1,"119.50","104.3792564280750521"
26579,2,"107.00","85.5144537815126050"
85986,2,"174.50","85.5144537815126050"
87556,3,"256.00","135.7497125335377539"
84830,2,"204.50","85.5144537815126050"
87567,3,"547.50","135.7497125335377539"
82825,3,"296.00","135.7497125335377539"
79183,5,"400.00","110.3389070146818923"
86746,1,"590.50","104.3792564280750521"
84271,2,"1520.00","85.5144537815126050"
87385,2,"134.00","85.5144537815126050"
70681,1,"200.00","104.3792564280750521"
87558,2,"132.00","85.5144537815126050"
83964,1,"200.00","104.3792564280750521"
78460,3,"160.00","135.7497125335377539"
87012,2,"268.50","85.5144537815126050"
83078,1,"132.00","104.3792564280750521"
80674,2,"160.00","85.5144537815126050"
83665,2,"208.00","85.5144537815126050"
85248,2,"200.00","85.5144537815126050"
74465,1,"347.00","104.3792564280750521"
79868,2,"97.00","85.5144537815126050"
87448,2,"95.00","85.5144537815126050"
16793,2,"89.50","85.5144537815126050"
78313,3,"320.00","135.7497125335377539"
86427,2,"243.00","85.5144537815126050"
58584,1,"840.00","104.3792564280750521"
84016,2,"200.00","85.5144537815126050"
85727,3,"181.00","135.7497125335377539"
87476,2,"570.00","85.5144537815126050"
86028,1,"214.50","104.3792564280750521"
7820,1,"599.50","104.3792564280750521"
85461,3,"240.00","135.7497125335377539"
74682,1,"240.00","104.3792564280750521"
74272,3,"560.00","135.7497125335377539"
87577,3,"232.50","135.7497125335377539"
9707,2,"160.00","85.5144537815126050"
86928,5,"240.00","110.3389070146818923"
79927,2,"90.00","85.5144537815126050"
87305,5,"574.50","110.3389070146818923"
80488,5,"187.00","110.3389070146818923"
87440,2,"392.00","85.5144537815126050"
70454,2,"507.00","85.5144537815126050"
68370,1,"237.50","104.3792564280750521"
54824,1,"187.00","104.3792564280750521"
87352,2,"101.50","85.5144537815126050"
15410,2,"160.00","85.5144537815126050"
86684,3,"342.00","135.7497125335377539"
83832,2,"124.00","85.5144537815126050"
87286,1,"154.50","104.3792564280750521"
37157,2,"240.00","85.5144537815126050"
80164,2,"92.50","85.5144537815126050"
87448,1,"135.00","104.3792564280750521"
22824,2,"93.50","85.5144537815126050"
86868,1,"107.50","104.3792564280750521"
33532,1,"560.00","104.3792564280750521"
87316,1,"235.50","104.3792564280750521"
73493,1,"160.00","104.3792564280750521"
84367,3,"440.00","135.7497125335377539"
87058,2,"667.00","85.5144537815126050"
77842,2,"160.00","85.5144537815126050"
76009,1,"187.00","104.3792564280750521"
70686,2,"480.00","85.5144537815126050"
87545,2,"268.00","85.5144537815126050"
41388,2,"134.00","85.5144537815126050"
86242,2,"160.00","85.5144537815126050"
77043,5,"240.00","110.3389070146818923"
82045,5,"427.00","110.3389070146818923"
87488,2,"122.00","85.5144537815126050"
32698,1,"252.50","104.3792564280750521"
86262,1,"187.00","104.3792564280750521"
80738,2,"132.00","85.5144537815126050"
68281,1,"1360.00","104.3792564280750521"
86177,3,"160.00","135.7497125335377539"
36296,2,"240.00","85.5144537815126050"
86377,1,"880.00","104.3792564280750521"
83077,3,"180.00","135.7497125335377539"
83502,3,"1160.00","135.7497125335377539"
84532,2,"320.00","85.5144537815126050"
64914,2,"160.00","85.5144537815126050"
84427,1,"212.50","104.3792564280750521"
87317,2,"89.00","85.5144537815126050"
83387,3,"240.00","135.7497125335377539"
84853,2,"480.00","85.5144537815126050"
77848,5,"200.00","110.3389070146818923"
83286,3,"240.00","135.7497125335377539"
87623,3,"350.00","135.7497125335377539"
66724,1,"240.00","104.3792564280750521"
84142,3,"360.00","135.7497125335377539"
9602,2,"400.00","85.5144537815126050"
69472,1,"320.00","104.3792564280750521"
85575,1,"400.00","104.3792564280750521"
71570,1,"164.50","104.3792564280750521"
80038,3,"214.00","135.7497125335377539"
87474,5,"217.50","110.3389070146818923"
85936,3,"1400.00","135.7497125335377539"
87452,3,"269.50","135.7497125335377539"
22073,2,"200.00","85.5144537815126050"
69712,3,"320.00","135.7497125335377539"
66987,3,"450.50","135.7497125335377539"
86395,1,"417.50","104.3792564280750521"
87603,2,"127.00","85.5144537815126050"
40027,1,"160.00","104.3792564280750521"
84338,5,"960.00","110.3389070146818923"
66470,1,"320.00","104.3792564280750521"
86228,2,"480.00","85.5144537815126050"
16262,1,"200.00","104.3792564280750521"
59389,2,"400.00","85.5144537815126050"
72320,2,"100.50","85.5144537815126050"
6151,2,"241.00","85.5144537815126050"
87053,5,"880.00","110.3389070146818923"
86048,1,"252.50","104.3792564280750521"
81401,5,"244.50","110.3389070146818923"
85986,3,"164.50","135.7497125335377539"
69034,1,"187.00","104.3792564280750521"
66891,2,"185.00","85.5144537815126050"
87301,2,"284.00","85.5144537815126050"
86737,3,"257.00","135.7497125335377539"
68620,1,"160.00","104.3792564280750521"
87507,2,"224.00","85.5144537815126050"
80273,3,"243.00","135.7497125335377539"
87477,3,"246.50","135.7497125335377539"
45979,3,"200.00","135.7497125335377539"
71934,2,"200.00","85.5144537815126050"
71406,3,"160.00","135.7497125335377539"
63861,3,"889.00","135.7497125335377539"
86220,2,"448.00","85.5144537815126050"
74969,3,"587.00","135.7497125335377539"
81736,5,"1227.00","110.3389070146818923"
85894,5,"191.00","110.3389070146818923"
79268,3,"201.50","135.7497125335377539"
85795,2,"480.00","85.5144537815126050"
14187,1,"128.50","104.3792564280750521"
86948,2,"244.50","85.5144537815126050"
71513,2,"160.00","85.5144537815126050"
85856,1,"7662.50","104.3792564280750521"
69232,3,"280.00","135.7497125335377539"
81929,3,"320.00","135.7497125335377539"
76513,2,"116.00","85.5144537815126050"
40984,2,"240.00","85.5144537815126050"
75750,1,"1200.00","104.3792564280750521"
83425,1,"143.50","104.3792564280750521"
72473,1,"119.50","104.3792564280750521"
29225,3,"160.00","135.7497125335377539"
66092,2,"108.00","85.5144537815126050"
84150,2,"116.50","85.5144537815126050"
75624,2,"200.00","85.5144537815126050"
8138,2,"240.00","85.5144537815126050"
59518,1,"600.00","104.3792564280750521"
72961,1,"187.50","104.3792564280750521"
78634,2,"481.00","85.5144537815126050"
78599,2,"106.50","85.5144537815126050"
80256,2,"400.00","85.5144537815126050"
29376,2,"160.00","85.5144537815126050"
87551,1,"609.00","104.3792564280750521"
86713,5,"183.00","110.3389070146818923"
75151,1,"1040.00","104.3792564280750521"
73033,1,"369.00","104.3792564280750521"
84749,5,"2160.00","110.3389070146818923"
6698,1,"160.00","104.3792564280750521"
86917,2,"240.00","85.5144537815126050"
86966,2,"99.00","85.5144537815126050"
20286,2,"104.00","85.5144537815126050"
86418,3,"154.00","135.7497125335377539"
87592,5,"149.50","110.3389070146818923"
13173,1,"160.00","104.3792564280750521"
77046,1,"182.50","104.3792564280750521"
63631,1,"160.00","104.3792564280750521"
69723,1,"240.00","104.3792564280750521"
54784,1,"212.50","104.3792564280750521"
87080,2,"95.00","85.5144537815126050"
83991,2,"132.00","85.5144537815126050"
87494,1,"161.50","104.3792564280750521"
60722,2,"86.00","85.5144537815126050"
75506,1,"117.50","104.3792564280750521"
86921,1,"259.50","104.3792564280750521"
85441,2,"238.50","85.5144537815126050"
84457,1,"204.00","104.3792564280750521"
85838,1,"313.50","104.3792564280750521"
86115,3,"174.50","135.7497125335377539"
86777,2,"100.50","85.5144537815126050"
78288,1,"400.00","104.3792564280750521"
1695,1,"240.00","104.3792564280750521"
81375,5,"140.00","110.3389070146818923"
73533,1,"240.00","104.3792564280750521"
87424,5,"270.50","110.3389070146818923"
83503,1,"107.00","104.3792564280750521"
69050,1,"160.00","104.3792564280750521"
76205,1,"391.00","104.3792564280750521"
13473,2,"160.00","85.5144537815126050"
87484,1,"186.50","104.3792564280750521"
86914,3,"205.00","135.7497125335377539"
73821,2,"200.00","85.5144537815126050"
79359,5,"240.00","110.3389070146818923"
74180,3,"164.50","135.7497125335377539"
84119,1,"162.50","104.3792564280750521"
81873,5,"267.00","110.3389070146818923"
69087,5,"320.00","110.3389070146818923"
77224,5,"111.50","110.3389070146818923"
74986,3,"451.00","135.7497125335377539"
85963,2,"250.00","85.5144537815126050"
46242,1,"223.00","104.3792564280750521"
85326,1,"559.50","104.3792564280750521"
82466,3,"492.50","135.7497125335377539"
86526,2,"867.00","85.5144537815126050"
82357,5,"440.00","110.3389070146818923"
27592,2,"160.00","85.5144537815126050"
87525,3,"824.00","135.7497125335377539"
87516,2,"127.50","85.5144537815126050"
80247,2,"185.00","85.5144537815126050"
84629,2,"217.00","85.5144537815126050"
86717,1,"519.00","104.3792564280750521"
80014,3,"482.00","135.7497125335377539"
5052,1,"560.00","104.3792564280750521"
81996,5,"522.50","110.3389070146818923"
73231,1,"135.00","104.3792564280750521"
87529,2,"390.00","85.5144537815126050"
78603,1,"160.00","104.3792564280750521"
87614,5,"112.50","110.3389070146818923"
73127,1,"480.00","104.3792564280750521"
86197,3,"160.00","135.7497125335377539"
86645,3,"480.00","135.7497125335377539"
83160,2,"102.00","85.5144537815126050"
74717,3,"280.00","135.7497125335377539"
81951,5,"240.00","110.3389070146818923"
38169,3,"160.00","135.7497125335377539"
84129,5,"987.00","110.3389070146818923"
29649,2,"212.50","85.5144537815126050"
83546,5,"694.50","110.3389070146818923"
83394,3,"538.50","135.7497125335377539"
82867,5,"240.00","110.3389070146818923"
31476,3,"200.00","135.7497125335377539"
28766,1,"252.00","104.3792564280750521"
87272,5,"942.50","110.3389070146818923"
73253,1,"148.50","104.3792564280750521"
45247,3,"720.00","135.7497125335377539"
74875,2,"160.00","85.5144537815126050"
67006,2,"279.50","85.5144537815126050"
46414,2,"560.00","85.5144537815126050"
82361,5,"1160.50","110.3389070146818923"
57860,2,"200.00","85.5144537815126050"
51293,2,"188.00","85.5144537815126050"
86121,5,"156.00","110.3389070146818923"
78213,3,"280.00","135.7497125335377539"
69877,2,"160.00","85.5144537815126050"
78063,1,"468.50","104.3792564280750521"
56549,2,"320.00","85.5144537815126050"
72635,3,"146.50","135.7497125335377539"
87547,2,"122.00","85.5144537815126050"
87618,1,"119.50","104.3792564280750521"
65828,3,"200.00","135.7497125335377539"
69317,1,"200.00","104.3792564280750521"
83141,3,"400.00","135.7497125335377539"
84374,2,"1583.00","85.5144537815126050"
87369,1,"144.00","104.3792564280750521"
83030,2,"479.50","85.5144537815126050"
80664,5,"164.00","110.3389070146818923"
85835,5,"301.00","110.3389070146818923"
64571,1,"240.00","104.3792564280750521"
87087,2,"1040.00","85.5144537815126050"
79072,3,"240.00","135.7497125335377539"
87502,3,"143.50","135.7497125335377539"
87553,2,"252.00","85.5144537815126050"
87426,5,"220.50","110.3389070146818923"
79093,5,"560.00","110.3389070146818923"
83961,1,"140.00","104.3792564280750521"
73363,1,"200.00","104.3792564280750521"
25140,1,"160.00","104.3792564280750521"
65315,2,"91.50","85.5144537815126050"
87484,5,"208.00","110.3389070146818923"
77905,3,"205.00","135.7497125335377539"
70040,1,"440.00","104.3792564280750521"
77545,1,"160.00","104.3792564280750521"
84461,3,"324.50","135.7497125335377539"
86932,5,"207.50","110.3389070146818923"
86595,2,"369.00","85.5144537815126050"
87578,3,"200.50","135.7497125335377539"
87419,5,"361.50","110.3389070146818923"
79991,1,"487.50","104.3792564280750521"
83695,2,"400.00","85.5144537815126050"
85963,3,"242.00","135.7497125335377539"
76267,2,"138.50","85.5144537815126050"
75102,3,"143.00","135.7497125335377539"
83762,3,"160.00","135.7497125335377539"
67947,2,"160.00","85.5144537815126050"
84073,3,"189.00","135.7497125335377539"
69035,2,"120.50","85.5144537815126050"
87453,1,"334.00","104.3792564280750521"
86965,3,"391.00","135.7497125335377539"
52588,3,"160.00","135.7497125335377539"
86900,3,"855.50","135.7497125335377539"
73749,1,"153.00","104.3792564280750521"
70404,2,"134.00","85.5144537815126050"
86107,3,"160.00","135.7497125335377539"
40552,2,"92.50","85.5144537815126050"
82967,2,"640.00","85.5144537815126050"
86041,3,"160.00","135.7497125335377539"
84438,5,"207.50","110.3389070146818923"
74658,1,"429.00","104.3792564280750521"
76400,2,"810.00","85.5144537815126050"
86955,1,"412.50","104.3792564280750521"
40427,3,"215.00","135.7497125335377539"
85738,5,"162.00","110.3389070146818923"
6645,1,"160.00","104.3792564280750521"
87002,3,"2145.50","135.7497125335377539"
87546,2,"92.50","85.5144537815126050"
64186,1,"107.00","104.3792564280750521"
86331,1,"602.00","104.3792564280750521"
87520,1,"121.00","104.3792564280750521"
87628,2,"114.50","85.5144537815126050"
80505,1,"1200.00","104.3792564280750521"
87597,1,"128.50","104.3792564280750521"
50882,2,"320.00","85.5144537815126050"
86543,3,"640.00","135.7497125335377539"
81334,2,"197.50","85.5144537815126050"
87542,1,"292.50","104.3792564280750521"
82312,2,"320.00","85.5144537815126050"
80383,2,"393.00","85.5144537815126050"
33230,2,"108.00","85.5144537815126050"
87544,1,"160.50","104.3792564280750521"
86686,3,"139.50","135.7497125335377539"
55309,1,"200.00","104.3792564280750521"
83560,3,"320.00","135.7497125335377539"
76270,3,"320.00","135.7497125335377539"
79404,1,"320.00","104.3792564280750521"
86709,5,"144.00","110.3389070146818923"
83532,3,"189.50","135.7497125335377539"
75286,3,"165.00","135.7497125335377539"
86010,5,"488.50","110.3389070146818923"
84725,3,"560.00","135.7497125335377539"
87594,3,"250.00","135.7497125335377539"
87559,2,"196.00","85.5144537815126050"
85771,1,"192.00","104.3792564280750521"
8143,2,"200.00","85.5144537815126050"
81349,1,"229.00","104.3792564280750521"
85344,2,"400.00","85.5144537815126050"
85936,1,"214.50","104.3792564280750521"
86790,5,"164.00","110.3389070146818923"
87510,2,"224.50","85.5144537815126050"
87543,2,"164.50","85.5144537815126050"
87017,1,"616.50","104.3792564280750521"
87193,1,"148.50","104.3792564280750521"
67457,1,"160.00","104.3792564280750521"
83584,3,"160.00","135.7497125335377539"
87267,5,"138.50","110.3389070146818923"
77970,5,"111.00","110.3389070146818923"
87086,2,"526.50","85.5144537815126050"
87138,1,"105.00","104.3792564280750521"
62867,1,"258.00","104.3792564280750521"
87582,2,"117.50","85.5144537815126050"
87347,5,"160.00","110.3389070146818923"
62167,2,"119.50","85.5144537815126050"
85657,1,"760.00","104.3792564280750521"
87505,5,"263.00","110.3389070146818923"
83516,2,"225.00","85.5144537815126050"
75428,1,"200.00","104.3792564280750521"
87579,3,"177.50","135.7497125335377539"
87605,1,"168.00","104.3792564280750521"
23175,2,"160.00","85.5144537815126050"
5370,1,"600.00","104.3792564280750521"
87527,5,"168.00","110.3389070146818923"
87064,3,"235.00","135.7497125335377539"
87597,2,"195.00","85.5144537815126050"
48250,2,"87.00","85.5144537815126050"
66520,3,"160.00","135.7497125335377539"
84844,3,"174.00","135.7497125335377539"
67287,3,"313.50","135.7497125335377539"
87077,3,"158.00","135.7497125335377539"
68958,2,"461.00","85.5144537815126050"
87338,3,"140.00","135.7497125335377539"
67137,2,"141.50","85.5144537815126050"
87448,3,"158.50","135.7497125335377539"
83093,3,"360.00","135.7497125335377539"
81789,5,"480.00","110.3389070146818923"
87389,2,"303.50","85.5144537815126050"
64158,1,"324.00","104.3792564280750521"
87620,5,"147.00","110.3389070146818923"
87097,1,"258.00","104.3792564280750521"
87081,1,"1800.00","104.3792564280750521"
85754,2,"362.00","85.5144537815126050"
74969,1,"160.00","104.3792564280750521"
1729,1,"160.00","104.3792564280750521"
87506,3,"2730.00","135.7497125335377539"
42677,1,"240.00","104.3792564280750521"
86371,3,"211.50","135.7497125335377539"
87058,5,"160.00","110.3389070146818923"
80219,1,"341.50","104.3792564280750521"
82589,3,"177.00","135.7497125335377539"
86971,2,"95.50","85.5144537815126050"
68837,3,"215.00","135.7497125335377539"
83105,2,"107.00","85.5144537815126050"
72947,1,"292.00","104.3792564280750521"
87486,5,"235.00","110.3389070146818923"
87424,1,"148.00","104.3792564280750521"
85950,1,"211.00","104.3792564280750521"
86271,2,"332.50","85.5144537815126050"
80696,1,"117.50","104.3792564280750521"
87276,1,"117.50","104.3792564280750521"
70793,3,"160.00","135.7497125335377539"
85231,2,"290.50","85.5144537815126050"
32596,3,"428.00","135.7497125335377539"
72262,1,"205.00","104.3792564280750521"
81378,3,"1200.00","135.7497125335377539"
86046,3,"274.00","135.7497125335377539"
85358,1,"289.00","104.3792564280750521"
35961,3,"160.00","135.7497125335377539"
84646,3,"880.00","135.7497125335377539"
87480,2,"650.00","85.5144537815126050"
58877,2,"480.00","85.5144537815126050"
86542,1,"363.50","104.3792564280750521"
86205,1,"160.00","104.3792564280750521"
87428,1,"171.00","104.3792564280750521"
75388,3,"214.00","135.7497125335377539"
87051,3,"718.00","135.7497125335377539"
9247,2,"240.00","85.5144537815126050"
84088,3,"240.00","135.7497125335377539"
86839,2,"720.00","85.5144537815126050"
42130,2,"324.00","85.5144537815126050"
86072,1,"334.00","104.3792564280750521"
61386,2,"160.00","85.5144537815126050"
86704,3,"160.00","135.7497125335377539"
81090,3,"280.00","135.7497125335377539"
64881,3,"160.00","135.7497125335377539"
1690,1,"107.00","104.3792564280750521"
84458,1,"116.50","104.3792564280750521"
87543,1,"418.50","104.3792564280750521"
74228,1,"320.00","104.3792564280750521"
23037,3,"160.00","135.7497125335377539"
82927,5,"359.00","110.3389070146818923"
79617,5,"600.00","110.3389070146818923"
77685,3,"215.00","135.7497125335377539"
78850,5,"200.00","110.3389070146818923"
83363,1,"492.50","104.3792564280750521"
81625,3,"324.50","135.7497125335377539"
83911,3,"560.00","135.7497125335377539"
87541,1,"314.00","104.3792564280750521"
48993,1,"320.00","104.3792564280750521"
86845,2,"368.50","85.5144537815126050"
85866,3,"240.00","135.7497125335377539"
2517,1,"160.00","104.3792564280750521"
86569,3,"226.00","135.7497125335377539"
45067,1,"160.00","104.3792564280750521"
85336,5,"240.00","110.3389070146818923"
35473,2,"240.00","85.5144537815126050"
84975,3,"284.00","135.7497125335377539"
60710,1,"400.00","104.3792564280750521"
83992,1,"187.00","104.3792564280750521"
34680,2,"200.00","85.5144537815126050"
80626,1,"200.00","104.3792564280750521"
36273,1,"207.00","104.3792564280750521"
87558,3,"870.50","135.7497125335377539"
62432,2,"200.00","85.5144537815126050"
77040,3,"240.00","135.7497125335377539"
87107,1,"159.00","104.3792564280750521"
84281,5,"1000.00","110.3389070146818923"
74307,3,"379.50","135.7497125335377539"
81194,3,"275.00","135.7497125335377539"
87559,1,"107.50","104.3792564280750521"
86515,1,"204.00","104.3792564280750521"
39737,2,"800.00","85.5144537815126050"
82198,5,"192.50","110.3389070146818923"
79092,5,"240.00","110.3389070146818923"
71829,1,"3094.00","104.3792564280750521"
84205,2,"216.00","85.5144537815126050"
82398,1,"393.50","104.3792564280750521"
75215,1,"307.50","104.3792564280750521"
72570,2,"160.00","85.5144537815126050"
34802,2,"320.00","85.5144537815126050"
87517,2,"557.50","85.5144537815126050"
41745,3,"475.00","135.7497125335377539"
81483,2,"200.00","85.5144537815126050"
73388,1,"160.00","104.3792564280750521"
82357,2,"324.00","85.5144537815126050"
62066,2,"160.00","85.5144537815126050"
59811,2,"160.00","85.5144537815126050"
85327,5,"225.00","110.3389070146818923"
87375,3,"656.00","135.7497125335377539"
21774,2,"200.00","85.5144537815126050"
83165,3,"572.50","135.7497125335377539"
87200,3,"1079.00","135.7497125335377539"
86990,5,"418.00","110.3389070146818923"
32913,2,"240.00","85.5144537815126050"
7498,1,"135.50","104.3792564280750521"
86278,1,"244.50","104.3792564280750521"
73590,5,"1181.50","110.3389070146818923"
57747,1,"400.00","104.3792564280750521"
77833,1,"689.50","104.3792564280750521"
85744,2,"560.00","85.5144537815126050"
86709,3,"424.00","135.7497125335377539"
84795,2,"275.00","85.5144537815126050"
16290,2,"160.00","85.5144537815126050"
87505,2,"181.00","85.5144537815126050"
85396,2,"1707.00","85.5144537815126050"
86943,1,"160.00","104.3792564280750521"
86455,1,"109.50","104.3792564280750521"
87496,3,"937.00","135.7497125335377539"
87092,2,"108.00","85.5144537815126050"
87139,1,"175.00","104.3792564280750521"
